key,role,physicalDamage,magicDamage,trueDamage,damage,damageTaken,heal,kills,deaths,assists,maxSpree,gold,minions,jungleCS
266,4,20018,61,637,20717,31270,12264,5.68,5.87,5.35,2.86,11145,157.19,12.51
266,1,17395,66,963,18426,34048,16169,6.6,6.34,6.88,3.18,11386,37.24,117.82
266,5,20322,75,908,21307,31046,12036,6.78,5.92,6.02,3.41,11275,149.34,13.22
266,3,18415,85,624,19126,30705,10655,6.76,7.23,6.67,3.01,10859,130.37,13.19
266,2,12910,85,773,13771,25880,6570,4.04,7.61,8.95,1.69,8930,54.41,9.99
103,4,1796,13453,4777,20027,20398,4312,5.12,5.69,6.69,2.48,10835,158.8,5.25
103,1,1469,9564,3776,14811,24588,6922,4.33,6.71,7.29,1.85,9692,50.82,74.35
103,5,1493,13895,4894,20284,20476,4468,5.85,5.66,7.72,2.87,10967,157.62,4.97
103,3,2107,12052,4459,18619,20092,4257,5.66,6.67,7.86,2.53,10575,137.41,5.3
103,2,1160,10880,4402,16443,19032,3294,4.1,7.09,10.06,1.73,9274,48.12,3.06
84,4,1529,19381,1139,22051,27076,3147,7.24,5.94,4.73,3.42,10984,149.16,4.36
84,1,1224,12424,778,14427,28376,5718,5.57,6.82,4.57,2.31,9392,49.43,63.59
84,5,1328,19942,1050,22322,27110,2717,8.55,5.98,5.51,4.0,11267,140.58,4.57
84,3,1241,16436,816,18494,26059,2371,7.55,7.13,5.51,3.15,10344,115.66,4.41
84,2,994,13815,765,15576,23422,2033,5.74,7.31,6.05,2.3,9004,53.31,3.43
166,4,17304,2885,2500,22691,21138,2589,7.19,6.67,5.23,3.2,12468,170.1,12.21
166,1,13893,1989,2347,18231,25361,5799,7.5,7.57,6.3,3.08,11652,45.11,91.27
166,5,17629,2642,2296,22569,21251,2674,8.26,6.71,5.97,3.67,12582,162.3,10.07
166,3,16635,2015,1864,20516,21233,2840,8.01,7.19,6.73,3.37,12443,153.14,10.32
166,2,14444,1526,1471,17443,19538,1880,6.58,8.31,7.57,2.61,10684,55.66,6.7
12,4,2180,11535,621,14338,30779,9302,3.26,5.86,9.1,1.46,9166,116.4,3.23
12,1,1649,7393,944,9988,30686,10873,2.89,6.65,10.8,1.19,8559,23.87,68.94
12,5,1870,11025,1089,13986,28998,8365,3.97,6.55,9.4,1.72,8914,98.85,3.18
12,3,1294,6289,611,8197,22499,6593,2.4,6.24,8.99,0.9,7192,58.86,2.01
12,2,1146,5959,742,7849,24331,8267,1.76,6.39,13.67,0.6,7671,33.24,0.61
32,4,2001,13561,2300,17865,28874,2342,4.72,7.55,7.68,1.94,10315,135.92,11.93
32,1,1579,12822,2525,16928,31234,7687,5.42,6.04,11.08,2.55,11357,33.02,116.64
32,5,1563,12564,2034,16164,24987,1914,5.11,7.5,8.54,2.07,9677,104.47,11.75
32,3,1324,9367,1582,12276,22055,1596,3.95,7.44,9.26,1.53,8450,74.96,6.72
32,2,1161,7540,1543,10246,20776,1504,2.56,7.19,12.75,0.93,8038,36.73,2.13
34,4,1352,17000,1114,19468,24327,2218,5.05,5.19,6.72,2.61,11114,163.03,11.47
34,1,620,8543,609,9774,19930,3296,2.92,4.85,4.91,1.35,8203,53.14,54.89
34,5,1173,18038,1383,20597,24159,2362,6.04,5.16,7.59,3.17,11602,167.15,12.62
34,3,1128,17257,1103,19489,23168,2455,6.28,5.68,7.93,3.08,11298,147.27,12.14
34,2,1031,14112,1125,16269,22566,1680,4.35,6.36,9.75,2.0,9509,49.53,6.69
1,4,1049,18882,1007,20941,18492,1407,5.42,6.18,6.49,2.38,10508,142.19,5.53
1,1,644,13018,913,14576,22219,4327,3.97,7.17,6.83,1.59,9101,37.0,71.66
1,5,891,20557,1328,22778,18798,1409,6.8,6.25,7.76,3.05,11134,146.13,5.58
1,3,796,18214,928,19940,17724,1526,6.37,6.59,7.78,2.69,10576,129.09,5.57
1,2,589,8524,632,9746,12939,736,2.46,6.01,6.54,0.96,7167,22.19,1.69
523,4,20724,1016,985,22728,21880,3540,6.07,7.34,4.4,2.54,12128,169.6,15.84
523,1,13056,805,1332,15195,23461,5955,4.79,7.57,5.07,1.78,10352,57.89,93.48
523,5,20217,1126,1158,22502,21583,3686,6.78,7.37,5.28,2.79,11994,161.32,13.29
523,3,18097,1309,847,20255,19191,3786,6.59,6.67,6.33,2.91,11868,168.96,13.35
523,2,8984,621,439,10045,14716,2281,2.82,6.79,4.44,1.01,7634,70.27,6.85
22,4,15647,2684,992,19325,20017,1543,4.78,6.8,7.23,2.06,10958,152.41,12.02
22,1,10029,2100,1319,13450,23086,4507,4.1,6.94,7.58,1.68,9801,51.33,79.47
22,5,15440,4003,1106,20550,19119,1621,4.92,6.61,9.26,2.14,10852,146.19,8.68
22,3,15846,2109,1320,19277,19807,2331,6.46,6.57,9.19,2.86,11667,156.33,12.24
22,2,10458,4494,820,15774,16579,1284,2.52,6.61,12.83,0.97,8684,32.72,2.04
136,4,1597,18162,998,20759,24938,2498,4.79,6.64,8.11,2.2,10856,158.94,6.56
136,1,1021,11474,885,13382,27850,5488,3.5,7.53,7.92,1.38,9102,44.53,76.51
136,5,1319,18419,1111,20850,24476,2509,5.82,6.47,9.29,2.72,10972,152.49,6.44
136,3,1403,15628,730,17763,24741,2393,4.79,8.04,9.2,1.96,10187,130.34,5.86
136,2,1066,13476,856,15399,23916,2166,3.54,8.04,10.84,1.39,9314,57.25,3.49
268,4,1043,18646,663,20355,20871,1551,4.45,5.97,5.88,2.04,11073,169.8,9.83
268,1,928,10189,653,11771,26457,5163,3.17,7.88,5.71,1.15,9061,47.44,78.45
268,5,1010,18485,779,20276,20914,1493,4.82,5.88,6.74,2.25,11206,170.3,9.46
268,3,1062,16340,613,18016,20833,1775,4.58,6.91,7.06,1.95,10602,150.22,8.58
268,2,912,13597,890,15401,20409,1358,3.26,7.45,8.66,1.26,8938,42.35,4.36
432,4,4104,8905,902,13914,20802,5077,3.4,5.77,9.42,1.5,9233,102.42,4.8
432,1,2771,6725,1021,10518,24073,7336,3.14,6.76,8.26,1.34,8528,28.59,66.07
432,5,3171,10361,1179,14712,21166,4886,4.19,6.17,9.28,1.88,9304,102.33,4.37
432,3,4034,7466,925,12427,18803,4146,3.99,6.06,8.5,1.76,8871,85.01,5.25
432,2,2280,8440,902,11623,19866,5605,2.73,5.79,13.82,1.18,8494,25.55,1.21
200,4,12179,2651,3214,18045,28573,3605,5.8,7.06,4.89,2.48,11634,149.83,20.46
200,1,11497,2161,4201,17861,30085,8356,7.71,6.29,6.57,3.57,12379,46.1,124.21
200,5,12002,2618,3360,17982,27125,3757,7.04,6.58,5.65,3.2,11630,140.11,19.59
200,3,11199,2376,3357,16934,26795,3998,7.4,7.47,6.29,3.01,11520,128.18,21.46
200,2,8012,2578,2326,12918,24767,3258,5.08,7.5,8.1,2.09,9707,61.56,18.24
53,4,7052,7869,821,15744,25124,2460,4.67,6.71,6.27,1.97,10043,124.57,8.56
53,1,6021,8028,1403,15454,28652,6965,5.68,6.49,9.42,2.58,10837,27.96,104.65
53,5,4345,10543,1214,16105,22940,1870,5.82,6.71,7.68,2.57,9825,100.63,6.01
53,3,3815,6949,762,11528,20705,1694,4.14,6.5,8.22,1.69,8384,70.35,4.33
53,2,2565,5908,792,9267,21596,1703,2.26,6.18,13.19,0.87,7939,33.52,1.07
63,4,882,23330,1045,25259,20845,1693,5.46,6.86,6.61,2.28,10984,149.68,9.08
63,1,700,21622,1330,23654,27156,6352,5.99,7.37,8.33,2.48,11416,44.38,111.69
63,5,801,24688,1236,26727,21076,1819,6.46,6.87,7.85,2.73,11305,149.6,8.57
63,3,785,25003,1097,26887,19919,1755,6.73,6.66,7.89,2.94,11387,150.77,8.67
63,2,722,22211,1062,23997,19962,1675,5.24,8.14,10.0,2.01,10227,47.93,6.0
201,4,4898,7908,882,13690,26455,2565,3.27,6.64,7.68,1.33,9373,114.82,6.09
201,1,3418,5811,1000,10231,28393,5921,3.08,6.85,8.97,1.25,9011,24.79,80.37
201,5,3957,7124,973,12056,24917,2104,3.35,6.65,8.46,1.41,8799,97.05,4.6
201,3,2432,5522,595,8551,20689,1800,2.48,6.11,9.0,0.95,7530,61.93,3.47
201,2,1354,6018,574,7948,22282,2282,1.55,6.06,13.93,0.51,7755,33.23,0.73
51,4,18802,1611,1110,21524,20247,2616,5.98,6.88,4.9,2.63,12188,169.84,13.82
51,1,14083,1160,1197,16442,22336,5343,5.49,6.87,5.49,2.41,10757,68.95,83.12
51,5,19826,1528,1020,22375,20270,2642,7.0,6.85,5.6,3.1,12215,164.3,11.77
51,3,18417,1569,876,20864,19418,3403,7.04,6.2,7.0,3.25,12284,172.83,12.48
51,2,12184,911,567,13665,15965,1860,3.86,6.87,6.04,1.57,8891,69.15,7.29
164,4,12757,1240,6826,20825,28936,6908,6.13,6.07,5.7,2.91,11138,153.07,8.46
164,1,11651,621,4838,17112,31173,9867,6.98,6.77,7.43,3.08,11189,33.12,97.15
164,5,13365,1024,6407,20798,28242,6296,7.45,6.27,6.39,3.45,11366,140.97,8.85
164,3,12654,792,5241,18689,27359,5693,7.47,6.98,7.02,3.22,10941,123.47,9.69
164,2,9988,618,3329,13938,24016,3774,4.73,7.45,9.56,1.93,8989,43.83,4.59
69,4,632,21483,440,22557,24432,5465,6.27,6.46,5.36,2.81,11697,174.85,14.5
69,1,681,16800,812,18295,29528,8599,6.01,7.36,6.49,2.5,10837,51.01,97.27
69,5,601,21685,541,22828,24758,5379,6.9,6.52,6.44,3.08,11739,168.42,13.26
69,3,536,21770,421,22729,23615,5760,7.93,6.61,7.01,3.5,12061,167.26,13.52
69,2,695,17586,737,19019,22372,3443,5.21,7.99,8.27,2.0,9837,52.74,8.6
31,4,2580,13348,3625,19555,36796,8007,5.84,5.74,6.25,2.82,11470,158.38,11.17
31,1,2044,10841,4048,16934,38566,10628,6.19,6.02,7.93,2.85,11342,42.51,111.12
31,5,1736,14334,4381,20453,32557,6504,6.88,5.95,6.44,3.27,11484,157.11,12.63
31,3,1524,13868,3616,19010,31393,5994,7.04,6.53,7.68,3.14,11373,144.3,12.39
31,2,1274,10467,2905,14648,29235,3900,4.65,7.12,9.11,1.93,9476,58.44,9.77
42,4,3208,19592,1085,23887,20396,2769,5.55,6.59,6.18,2.54,12286,176.16,13.5
42,1,2372,14908,1196,18479,26245,6555,5.48,7.21,6.73,2.32,11395,57.99,107.05
42,5,3390,20722,1271,25385,20438,2738,6.37,6.42,7.04,2.92,12712,179.39,13.06
42,3,3013,18267,874,22156,20666,3290,6.24,7.02,7.67,2.65,11903,158.31,12.51
42,2,2162,15228,883,18275,19630,1827,4.05,8.51,8.02,1.46,9790,64.87,8.61
122,4,15488,144,3878,19512,29101,5955,6.92,6.29,4.42,3.26,11892,165.77,11.68
122,1,13329,205,4143,17679,34733,11552,7.55,6.75,6.46,3.37,11989,44.5,120.64
122,5,15557,175,4030,19764,29553,5717,7.87,6.81,5.14,3.58,11907,155.16,11.41
122,3,14901,201,3531,18635,29550,5422,8.28,7.52,5.92,3.44,11795,143.0,12.79
122,2,10242,261,2323,12828,27442,3962,4.87,8.18,7.44,1.91,9322,64.18,9.91
131,4,2935,17483,949,21369,25114,2257,6.09,7.01,5.73,2.61,11711,155.85,17.43
131,1,2715,16905,1143,20765,27552,7638,7.57,6.26,7.7,3.53,12633,45.09,137.2
131,5,2176,20049,1131,23357,23087,1724,7.9,6.63,6.57,3.51,12143,149.67,16.54
131,3,2132,18016,882,21033,23651,1978,7.53,7.77,7.02,3.04,11638,132.9,17.97
131,2,1851,14930,944,17727,22107,1756,5.2,7.9,8.32,2.03,9952,54.73,16.01
119,4,21500,170,925,22597,22928,3894,7.11,7.12,4.08,3.0,13216,169.48,15.93
119,1,17609,153,1314,19078,26981,6868,7.1,7.28,5.54,2.93,12511,53.98,103.45
119,5,23065,158,985,24209,23668,3924,8.31,7.28,4.79,3.44,13575,164.06,14.44
119,3,21585,236,698,22520,22368,4305,8.27,6.91,6.04,3.52,13661,165.95,14.01
119,2,10244,57,380,10682,15828,2103,3.45,6.72,4.5,1.25,8161,63.02,7.47
36,4,6832,15629,550,23013,39035,10287,4.77,5.16,6.96,2.44,11440,169.4,8.8
36,1,6161,11988,1247,19398,40466,20735,5.6,5.33,8.68,2.81,11510,41.83,119.86
36,5,6475,14214,746,21437,37907,9809,5.03,5.23,7.21,2.54,11183,161.22,8.97
36,3,6422,13957,507,20888,38065,9910,5.62,5.87,8.19,2.66,11135,150.22,9.55
36,2,4121,12185,788,17096,31031,7597,3.47,6.5,9.24,1.48,8928,61.24,7.02
245,4,2690,15970,826,19488,28640,5875,5.65,6.33,5.58,2.56,11362,154.06,10.52
245,1,2398,16841,1251,20492,32143,11840,8.43,5.75,7.3,4.09,12584,40.11,123.61
245,5,2508,18257,1068,21835,27306,5719,7.7,6.2,6.18,3.58,12052,151.3,10.87
245,3,2322,17648,877,20849,27430,5680,7.9,7.24,6.72,3.34,11770,135.7,12.43
245,2,2037,13162,928,16129,25184,4846,5.42,7.29,8.31,2.24,9848,55.95,9.26
60,4,2800,17459,1212,21472,25931,5455,6.79,6.74,5.03,2.97,11505,140.38,12.8
60,1,1260,15904,1312,18478,25563,8222,7.54,5.52,7.7,3.77,11129,26.72,104.39
60,5,1815,19454,1330,22600,24970,4811,8.13,6.82,6.11,3.53,11620,127.84,11.12
60,3,1785,18315,1106,21208,24575,4637,8.52,7.81,6.77,3.47,11551,113.44,12.21
60,2,1288,15540,1153,17984,21912,3194,6.02,7.39,9.16,2.51,9905,31.23,7.98
28,4,889,18969,809,20669,23226,4453,7.44,6.63,5.26,3.39,10107,106.59,9.22
28,1,769,21495,1088,23354,28846,9530,9.64,5.82,7.11,4.74,12013,23.1,117.5
28,5,888,20977,1120,22986,23836,4550,9.11,6.95,6.37,4.05,10809,97.44,9.28
28,3,903,18896,786,20586,23514,4369,8.64,7.44,6.43,3.81,10374,84.01,13.11
28,2,753,18404,863,20021,22129,4282,7.75,7.65,7.73,3.21,9952,30.79,11.44
81,4,15115,7795,871,23783,21023,2505,5.62,6.49,5.36,2.51,11597,165.59,11.66
81,1,13011,6484,1408,20904,25913,6906,6.44,6.6,6.57,2.86,11307,52.61,100.73
81,5,14598,9539,1102,25241,20567,2188,6.76,6.38,6.18,3.05,11874,161.64,9.89
81,3,16168,6693,667,23529,19930,2935,6.81,5.66,7.26,3.25,11872,169.22,11.21
81,2,9884,6808,776,17470,16608,1578,4.22,6.68,6.8,1.76,9132,57.43,6.63
9,4,743,19357,888,20990,28598,9775,5.13,6.68,7.46,2.34,10399,133.26,10.97
9,1,313,18360,1501,20176,31455,14369,6.45,5.75,9.5,3.24,11781,35.12,124.04
9,5,481,20894,1263,22640,26287,8559,6.57,6.49,8.39,3.07,10772,125.67,13.39
9,3,504,17843,939,19287,24877,6834,5.61,7.61,8.47,2.31,9934,98.97,11.13
9,2,359,15929,948,17237,21016,4861,4.32,7.0,10.53,1.87,9241,37.37,7.27
114,4,13599,1318,5928,20847,30838,11871,6.02,6.03,4.43,2.84,11620,165.64,9.74
114,1,11598,920,5153,17672,31642,12887,6.59,6.59,5.28,2.89,11086,60.69,86.84
114,5,14286,1188,5837,21313,30909,11198,7.25,6.55,5.25,3.25,11750,151.58,10.26
114,3,13459,1090,5696,20247,30577,10668,7.65,7.32,5.82,3.22,11605,140.67,10.75
114,2,10267,992,4022,15283,25236,6915,5.24,7.35,6.45,2.06,9575,67.47,9.24
105,4,3757,14505,1069,19332,23220,2275,6.94,6.3,5.54,3.12,11380,149.55,6.53
105,1,2556,13651,1097,17306,28088,6344,7.22,7.0,6.62,2.99,11213,38.63,94.39
105,5,2825,17659,1195,21680,21882,2048,9.02,6.38,6.32,4.04,12157,145.01,6.49
105,3,2759,18569,1047,22377,22156,1911,10.21,6.96,6.54,4.37,12358,135.74,7.19
105,2,2410,13458,970,16840,20698,1764,6.54,7.11,7.85,2.69,10002,55.88,4.17
3,4,558,15730,451,16740,25895,2197,3.62,5.95,9.22,1.63,9827,139.5,4.77
3,1,477,12962,906,14347,30914,6771,3.93,6.62,9.95,1.71,9825,35.2,93.7
3,5,444,16695,565,17706,24037,1918,4.63,5.69,9.96,2.24,10143,142.44,4.52
3,3,424,14995,604,16025,23820,1919,4.36,6.76,9.81,1.84,9464,109.24,4.91
3,2,383,11547,755,12686,23247,1806,2.94,6.75,12.3,1.17,8447,46.11,1.98
41,4,16162,3657,4417,24238,25097,5469,6.29,6.42,6.3,2.8,13622,186.85,11.27
41,1,10707,2636,3355,16700,27935,8946,5.29,6.53,5.54,2.24,11700,78.6,86.09
41,5,17374,3538,4861,25775,25184,5415,7.88,6.95,6.82,3.33,14411,180.23,11.99
41,3,14393,2972,3501,20868,24177,5037,6.76,7.56,6.78,2.64,12893,159.27,11.33
41,2,10309,2663,2974,15948,22017,4466,4.39,7.57,7.39,1.66,10100,71.7,8.06
86,4,14412,356,4911,19680,29713,2615,6.64,5.28,4.58,3.34,12383,175.07,14.6
86,1,12550,383,4762,17697,31311,6783,7.27,5.94,5.32,3.36,12296,53.34,125.87
86,5,14024,344,4894,19264,28733,2449,7.4,5.18,4.94,3.73,12522,172.95,16.19
86,3,11812,428,3842,16085,28067,2213,6.91,6.19,5.32,3.1,11393,146.28,14.62
86,2,7950,422,3188,11562,24960,1698,4.46,6.78,5.4,1.84,9140,71.61,13.21
150,4,16719,3034,427,20182,27101,4869,4.78,6.0,6.32,2.31,11166,161.78,9.56
150,1,12219,2377,1014,15611,29140,7143,4.59,7.26,6.66,1.93,10301,55.22,88.57
150,5,16607,2955,831,20395,27276,4312,5.77,6.54,6.96,2.66,11224,148.77,9.63
150,3,14756,2322,611,17691,25927,3870,5.68,7.8,7.35,2.32,10887,133.94,10.61
150,2,11220,1959,662,13843,24573,2623,3.39,7.88,8.82,1.3,9010,59.87,6.93
79,4,1622,16601,577,18802,28501,9900,4.25,5.43,6.81,2.08,10553,154.14,8.54
79,1,1373,17018,1192,19584,30902,13205,6.44,5.38,8.57,3.28,11319,31.31,116.76
79,5,1435,19456,1162,22055,26723,8680,6.49,5.77,7.22,3.12,11270,148.89,10.71
79,3,1321,16369,842,18535,26489,7836,5.83,6.73,7.72,2.58,10394,121.97,10.56
79,2,1157,11777,871,13807,24226,6814,3.33,6.5,10.5,1.39,8539,38.56,4.56
104,4,20149,937,842,21929,25033,6035,5.75,6.27,5.05,2.66,12507,188.77,20.08
104,1,17717,857,1282,19859,25537,9217,7.1,5.68,7.06,3.45,12757,56.61,131.5
104,5,20519,976,1314,22810,24327,5817,7.35,6.2,5.69,3.41,12874,181.24,21.26
104,3,17970,1012,686,19670,23376,5007,6.94,6.58,6.69,3.09,12446,168.4,19.17
104,2,11828,2487,788,15104,20041,3274,4.19,6.9,7.14,1.77,9756,67.11,23.63
887,4,2997,13447,4689,21135,29316,6999,5.77,6.24,4.57,2.61,11610,166.96,11.91
887,1,2725,13268,3954,19949,34321,11684,6.94,6.26,5.97,3.2,12051,43.9,125.12
887,5,2859,13298,4358,20516,29254,6597,6.43,6.29,5.42,2.91,11534,153.39,11.47
887,3,2781,11969,3504,18256,27907,5978,6.42,6.7,5.35,2.89,11211,143.56,13.03
887,2,1955,8081,2546,12584,24441,4317,3.67,7.03,6.54,1.47,8812,60.26,9.63
120,4,13232,2737,890,16861,29614,8624,5.21,7.07,5.58,2.27,10482,142.53,14.81
120,1,14783,2747,1303,18834,35644,15681,7.68,6.0,8.3,3.72,12171,35.68,133.5
120,5,12380,2651,901,15934,28609,7902,5.81,7.22,6.29,2.53,10303,125.04,18.17
120,3,10403,1947,480,12832,26504,6264,5.4,7.79,6.01,2.22,9326,99.96,18.55
120,2,6822,2021,571,9417,24688,5456,3.2,7.79,7.21,1.22,7913,44.68,20.68
74,4,1023,25542,676,27243,19613,1511,5.11,6.57,5.61,2.17,11554,170.05,7.89
74,1,655,18416,949,20022,23112,4685,4.43,7.52,6.97,1.73,10457,51.23,90.18
74,5,842,26006,830,27680,19711,1549,5.54,6.53,7.16,2.4,11474,161.87,7.08
74,3,723,24692,589,26005,18538,1776,5.77,6.54,8.01,2.5,11385,154.33,7.63
74,2,651,20769,776,22198,16653,1188,4.11,6.96,9.05,1.69,9581,51.43,5.82
420,4,24847,606,454,25909,33588,8447,5.48,6.7,4.37,2.43,12127,190.22,5.62
420,1,16991,351,629,17973,32132,9177,4.33,7.33,4.81,1.77,10119,88.1,61.96
420,5,24563,591,588,25744,33576,8493,6.03,6.88,4.89,2.66,12067,182.06,5.49
420,3,19899,440,534,20874,32080,7242,5.07,8.42,5.83,1.96,10794,148.8,6.19
420,2,15840,443,586,16871,28944,5446,3.74,8.65,6.99,1.35,9239,70.62,4.16
39,4,15166,5921,812,21900,29715,5542,6.99,7.05,4.62,3.06,12768,199.28,12.75
39,1,10980,4141,883,16007,29384,6586,5.79,7.33,4.98,2.42,11089,86.69,83.65
39,5,15203,5923,1135,22262,29717,5459,8.01,7.23,5.21,3.42,12835,192.89,11.31
39,3,14258,5305,775,20339,28895,4851,8.09,7.92,5.54,3.24,12562,183.78,12.22
39,2,8054,3489,702,12248,22913,2550,4.12,8.2,5.75,1.47,8998,89.17,8.28
427,4,4346,9789,720,14857,19161,2192,3.08,5.8,9.0,1.38,9142,112.24,7.78
427,1,2865,5927,878,9672,16573,5118,2.72,5.01,12.88,1.35,9568,16.88,107.53
427,5,3626,8300,748,12676,17542,2768,3.02,4.88,10.69,1.53,8831,109.58,5.51
427,3,3283,5592,500,9377,17102,2459,2.77,6.12,9.1,1.21,8381,92.45,6.81
427,2,2391,5050,559,8002,17445,3117,1.79,6.09,12.98,0.67,8000,23.66,9.96
40,4,1591,5119,386,7098,15904,6803,1.51,5.18,13.19,0.57,7857,56.99,2.86
40,1,1053,3057,421,4533,17282,5797,1.21,5.98,7.07,0.43,6635,22.57,45.49
40,5,1340,6227,490,8060,15315,5328,1.78,5.22,8.96,0.74,7594,78.5,1.78
40,3,1218,4349,389,5958,13653,5327,1.43,4.88,8.97,0.51,6862,48.21,1.53
40,2,854,4287,429,5572,15741,8622,1.07,5.07,14.89,0.33,7759,17.01,0.45
59,4,14117,2308,693,17120,26294,4534,5.18,6.28,9.15,2.36,11135,153.31,10.29
59,1,12881,1582,964,15429,29613,10383,6.13,5.95,12.75,3.0,11552,33.23,113.45
59,5,17421,1753,1189,20364,23134,3746,8.43,6.61,8.88,3.73,12310,147.78,12.68
59,3,15739,1741,895,18377,22645,3939,8.27,7.04,10.21,3.49,12156,135.44,14.07
59,2,6940,3669,779,11390,20817,2030,3.13,7.21,14.56,1.23,8805,36.24,3.9
24,4,14739,4917,814,20471,27047,4362,6.35,6.52,4.37,2.86,11857,158.57,14.37
24,1,13514,4140,1182,18838,30484,8399,7.45,6.52,6.33,3.31,12144,40.98,114.11
24,5,15161,5000,1100,21262,27565,4136,7.71,7.11,5.17,3.31,11962,143.12,14.49
24,3,14393,4140,811,19346,27333,3873,7.8,7.52,5.96,3.19,11762,131.98,15.71
24,2,9741,2858,770,13371,24305,2969,4.69,7.55,7.4,1.87,9434,60.15,12.59
126,4,18283,3994,696,22974,21078,3785,5.78,6.58,5.74,2.65,11868,175.67,12.97
126,1,15115,3272,1169,19559,25581,7145,6.37,7.05,6.98,2.72,11656,58.17,102.0
126,5,19251,4019,1317,24588,21166,3812,7.4,6.51,6.66,3.36,12499,168.02,12.78
126,3,17436,3241,753,21432,20681,3872,6.88,7.15,7.28,2.93,11750,151.42,12.11
126,2,14469,2702,1171,18343,18682,2022,4.68,7.95,8.3,1.87,10086,57.46,8.67
202,4,18644,2073,664,21382,21225,3944,6.81,6.28,6.3,3.18,12030,164.25,11.11
202,1,14775,1773,1053,17603,25286,7842,6.86,6.47,7.9,3.04,11552,53.52,100.37
202,5,19337,2209,744,22292,20971,3789,7.94,5.99,7.27,3.76,12441,166.05,10.51
202,3,17490,2052,518,20061,19586,4381,7.88,5.52,8.37,3.85,12388,168.25,10.1
202,2,11365,1526,425,13318,16123,2372,4.48,6.19,7.86,1.97,9163,69.82,6.04
222,4,17287,813,1578,19681,20613,2325,5.58,7.22,5.67,2.43,11756,162.14,17.22
222,1,15093,789,1988,17873,24381,6375,6.01,6.77,7.04,2.65,11578,65.67,105.13
222,5,18228,823,1582,20635,20231,2331,6.63,6.9,6.28,2.97,11900,159.03,15.33
222,3,17613,945,1749,20308,19294,2868,6.95,6.41,7.51,3.23,12171,171.31,15.76
222,2,10182,629,754,11567,15753,1797,3.55,6.8,5.94,1.44,8502,77.07,8.56
145,4,14125,7726,1980,23833,22158,2406,7.52,6.69,4.67,3.35,12980,182.88,19.45
145,1,11543,7152,2239,20936,25918,6731,8.55,6.51,5.66,3.73,12776,59.36,115.07
145,5,10477,13708,1249,25436,19991,2199,7.99,6.32,5.78,3.66,12761,175.67,11.95
145,3,13570,5611,1954,21137,19804,3111,8.87,6.04,6.09,4.06,13133,179.89,16.15
145,2,5049,11823,877,17751,15004,1604,5.14,5.73,6.05,2.39,9402,63.17,7.11
429,4,18440,831,592,19864,23221,2728,6.44,7.23,3.99,2.87,12386,172.94,19.62
429,1,13047,810,1000,14859,25405,5318,6.28,7.37,4.7,2.62,10950,58.86,91.98
429,5,19214,1055,830,21100,23094,2644,8.03,7.04,4.91,3.61,12711,168.68,18.21
429,3,17079,1562,597,19240,22082,3113,8.41,6.78,6.09,3.8,12796,168.64,16.92
429,2,8899,690,360,9950,16332,1590,3.48,7.12,4.75,1.36,8138,61.73,9.86
43,4,2505,14221,484,17212,24441,5560,3.24,5.29,8.71,1.59,9830,146.85,3.72
43,1,1076,10612,873,12563,24367,5979,3.05,6.55,9.1,1.37,8891,35.66,71.84
43,5,1298,16011,769,18080,19612,2991,4.09,5.3,9.99,2.03,9989,140.81,3.96
43,3,1017,13556,592,15166,18139,2383,3.49,5.79,9.42,1.58,9000,102.85,3.43
43,2,842,10912,716,12471,17256,2109,2.38,5.89,13.02,0.99,8399,26.34,1.43
30,4,305,29367,1738,31412,22387,2068,6.05,7.46,8.15,2.25,12628,181.28,17.25
30,1,259,29984,1921,32166,28468,7463,8.24,7.14,9.55,3.2,13368,50.12,144.1
30,5,310,30479,1806,32597,22726,2252,7.18,7.17,9.13,2.72,12656,175.43,16.2
30,3,282,32570,1312,34167,22428,2014,8.83,8.21,9.82,3.03,12919,168.95,17.13
30,2,273,28362,1713,30350,22095,1656,6.7,9.37,11.2,2.15,11072,59.95,12.42
38,4,2102,17433,500,20037,26509,4530,6.44,5.87,5.11,3.19,11183,157.59,10.62
38,1,1464,14149,834,16449,31461,9143,6.69,6.38,5.07,3.23,11035,46.35,104.88
38,5,1752,19890,678,22321,26512,4384,8.24,5.87,5.81,4.03,11814,156.56,11.55
38,3,1471,16793,638,18904,25547,3668,7.55,6.76,5.75,3.33,11086,136.38,10.82
38,2,1148,13184,668,15002,23112,2699,5.17,7.44,6.63,2.12,9177,55.55,8.23
55,4,4697,17008,1302,23009,26815,3420,8.19,7.2,5.56,3.51,11860,148.87,7.53
55,1,3874,14158,1319,19353,31312,7463,7.87,7.64,6.2,3.24,11483,47.85,94.38
55,5,2371,20407,1184,23963,25463,3130,9.82,7.02,6.07,4.31,12209,145.37,6.77
55,3,3446,19678,1164,24290,26184,3225,10.56,7.67,6.4,4.23,12432,139.07,7.8
55,2,1499,15460,915,17875,23307,2289,6.83,7.99,7.03,2.65,10101,64.41,5.41
10,4,6129,12563,1404,20099,23793,6776,5.33,6.06,5.63,2.52,12361,187.04,18.93
10,1,4997,8747,1716,15461,28650,11226,4.78,6.25,6.1,2.15,11432,70.54,110.26
10,5,5450,13077,1457,19986,23861,7279,6.06,5.65,6.25,2.96,12585,188.72,19.4
10,3,6114,9339,1359,16814,22912,6717,5.69,6.47,6.89,2.55,11823,162.68,18.11
10,2,2002,4750,508,7261,17840,8661,2.02,5.54,8.83,0.78,7887,41.99,5.32
141,4,20137,198,966,21302,32766,11527,5.98,7.11,5.5,2.58,11487,159.45,17.14
141,1,18472,573,1240,20287,36828,16452,7.56,6.55,7.86,3.39,12310,39.54,127.74
141,5,19608,718,1247,21574,30651,9397,7.63,7.41,6.29,3.18,11790,143.58,19.66
141,3,16756,844,844,18445,28609,7819,6.87,8.02,6.31,2.75,11049,124.12,23.21
141,2,13035,589,893,14519,27591,7759,4.85,8.06,7.24,1.83,9585,57.04,30.98
85,4,2462,18066,556,21085,21290,2752,5.12,5.75,6.1,2.43,10996,157.77,5.9
85,1,1987,13400,967,16356,25928,5453,4.88,7.12,6.85,2.03,9978,53.77,74.13
85,5,1922,20248,993,23166,21889,2599,7.06,5.92,7.07,3.34,11450,150.06,6.37
85,3,4152,14181,857,19192,21564,2903,6.37,6.67,7.25,2.8,11239,143.88,9.36
85,2,1301,16260,869,18432,19962,1751,4.69,7.11,9.43,1.97,9378,43.05,3.79
121,4,17893,1227,865,19987,24109,7098,5.89,5.77,5.22,2.83,11332,150.63,13.5
121,1,17624,1210,1432,20268,30151,11899,8.69,6.11,6.5,4.02,12750,29.61,125.52
121,5,18047,1321,1189,20559,24108,6082,7.88,6.2,5.62,3.59,11566,134.04,15.69
121,3,15309,1102,814,17226,23012,5144,7.61,6.75,5.75,3.25,11008,109.13,19.65
121,2,12987,1055,917,14961,21915,4549,5.33,6.94,7.16,2.23,9604,45.58,22.56
203,4,15233,2921,1815,19971,23829,7867,5.78,7.32,4.95,2.35,11368,144.05,21.21
203,1,14692,3228,2480,20402,26827,12186,8.05,6.81,6.76,3.53,12442,40.29,123.26
203,5,16619,3457,2143,22222,24003,7973,7.87,7.21,6.07,3.29,12047,139.77,21.33
203,3,15620,2984,1713,20319,22643,7981,8.0,7.2,6.64,3.31,12088,142.46,19.74
203,2,11145,2715,1368,15229,21495,6781,5.11,8.29,7.18,1.88,9821,50.07,23.25
240,4,18977,668,953,20601,37349,6656,6.29,6.01,7.18,3.03,11522,146.04,8.96
240,1,15588,390,1162,17142,39873,9795,6.06,6.51,8.75,2.76,10985,38.81,95.28
240,5,19344,381,1126,20853,35513,6349,7.68,5.9,7.73,3.76,11683,137.84,8.84
240,3,18892,496,902,20291,35569,5881,8.28,7.02,8.26,3.65,11596,124.46,8.94
240,2,13965,540,885,15392,32543,4259,5.12,6.88,10.62,2.25,9704,54.67,6.16
96,4,10554,13316,3191,27063,23365,2380,6.89,7.53,5.35,2.73,12447,170.31,15.82
96,1,9007,10769,4066,23844,27338,6619,7.6,7.64,7.02,2.94,12548,56.43,115.6
96,5,3691,22483,2569,28744,20066,2303,7.36,6.45,6.97,3.26,12466,178.03,11.59
96,3,11974,11726,3125,26827,22656,2844,8.15,7.0,7.25,3.36,12707,168.89,15.13
96,2,2577,18936,2743,24258,18225,1739,5.55,7.45,8.74,2.18,10271,61.23,6.98
7,4,4068,14436,985,19490,22494,3093,6.22,5.07,5.71,3.14,10860,140.84,6.23
7,1,1900,11746,930,14576,24699,5775,5.76,5.85,6.94,2.79,9744,33.26,73.71
7,5,1604,17577,934,20118,21272,2639,7.3,5.08,6.46,3.74,11050,137.75,5.29
7,3,2285,15168,863,18318,20699,2495,7.33,5.82,6.72,3.51,10729,118.99,6.43
7,2,1382,15207,855,17446,19547,2304,5.9,5.89,8.99,2.81,9656,32.65,3.41
64,4,14530,3539,737,18807,28038,6694,6.54,6.81,6.02,2.9,11314,144.02,14.27
64,1,12681,2570,753,16006,30556,11109,7.22,6.02,8.52,3.52,11427,30.58,114.35
64,5,16207,3354,1046,20608,26789,5722,8.83,7.3,6.49,3.76,11860,131.48,14.22
64,3,16152,3190,823,20167,26020,5598,9.46,7.69,7.14,3.84,11876,119.59,16.09
64,2,11133,2313,747,14196,23356,3519,5.69,7.73,9.12,2.28,9587,49.81,10.97
89,4,5589,6905,856,13352,27118,2930,3.48,6.58,8.52,1.43,9225,109.95,4.04
89,1,4191,5353,1164,10710,27885,5934,3.47,6.59,10.69,1.49,9331,24.28,81.6
89,5,4830,6429,1095,12356,24505,2224,3.86,6.82,9.12,1.64,8956,94.26,3.96
89,3,3022,4402,710,8136,20546,1631,2.61,6.25,9.5,1.01,7470,57.52,1.8
89,2,2375,4148,767,7292,21809,1917,1.91,6.46,13.47,0.67,7873,34.47,0.58
876,4,879,17779,5623,24283,26990,7520,5.99,5.97,6.5,2.89,11515,167.42,12.0
876,1,767,17484,5693,23947,34020,14224,7.49,6.1,8.69,3.56,12641,50.37,130.8
876,5,815,18447,5660,24925,27005,7051,7.16,6.4,7.42,3.32,11707,156.24,12.25
876,3,735,18400,5193,24329,26640,6652,7.24,7.08,7.93,3.15,11482,141.39,12.23
876,2,614,16159,4229,21003,23559,5530,5.36,7.22,9.26,2.25,10207,60.19,8.47
127,4,1414,16950,738,19104,22069,2513,4.41,6.12,7.66,2.0,10835,169.36,6.14
127,1,865,11767,876,13510,26956,6513,3.88,6.75,8.18,1.75,9522,45.37,84.3
127,5,1246,17568,1022,19838,21987,2368,5.43,6.21,8.82,2.48,11113,166.09,6.69
127,3,1080,16751,857,18690,21983,2517,5.52,7.44,9.03,2.26,10829,147.07,6.97
127,2,1023,12849,936,14810,20977,2100,3.5,7.6,11.39,1.34,9074,50.18,3.24
236,4,17481,1965,1101,20549,21161,1999,6.42,6.79,4.25,2.78,12192,180.47,16.12
236,1,13903,1758,1398,17061,25554,6224,6.64,6.9,5.35,2.85,11664,61.06,108.19
236,5,17888,2079,1358,21327,21370,2051,7.64,6.67,5.02,3.32,12510,177.17,15.5
236,3,17073,2556,980,20610,20747,2694,8.27,6.38,6.31,3.67,12592,175.03,14.44
236,2,9252,2930,670,12854,16045,1480,4.03,6.62,5.56,1.61,8713,67.68,8.44
117,4,4106,8657,799,13564,19115,1670,3.42,5.67,8.55,1.53,9620,130.55,5.43
117,1,3250,5475,1169,9895,22423,4563,3.37,6.49,8.52,1.4,9178,31.54,81.32
117,5,1947,9083,658,11690,17706,1488,3.27,5.25,10.78,1.55,9134,116.45,3.2
117,3,3314,5421,726,9463,16442,1609,3.14,5.83,9.09,1.29,8477,80.8,4.77
117,2,964,4407,458,5830,15087,1560,1.57,5.41,14.43,0.58,7827,16.45,0.57
99,4,1358,18282,831,20473,16410,1161,5.26,5.84,7.93,2.54,10581,144.06,5.06
99,1,1054,14422,945,16424,19299,3814,4.94,6.48,9.06,2.21,9878,49.51,70.23
99,5,1254,20338,978,22572,16243,1169,6.17,5.39,9.16,3.14,11176,156.7,5.07
99,3,1100,19172,789,21063,15835,1483,5.99,6.11,9.63,2.85,10602,126.61,4.46
99,2,927,17093,798,18820,14885,1051,4.25,6.39,11.7,1.92,9504,46.29,2.65
54,4,4134,13705,511,18352,22358,2185,4.49,5.13,8.11,2.26,10311,143.29,5.66
54,1,3484,12665,1083,17233,24548,5398,5.8,5.9,8.49,2.7,10946,36.77,107.39
54,5,3401,15369,981,19753,20973,1754,6.22,5.74,8.01,2.97,10664,134.0,6.63
54,3,2954,13115,787,16858,20461,1602,5.59,6.62,7.95,2.42,9911,105.26,6.63
54,2,2664,12130,971,15766,20348,1578,4.18,6.69,10.16,1.76,9084,47.22,3.79
90,4,644,20021,601,21269,17887,1253,4.33,5.76,6.55,1.98,11877,189.61,9.64
90,1,584,14361,975,15922,20944,3905,3.81,6.46,7.55,1.56,10566,62.89,94.51
90,5,628,20619,701,21950,18016,1265,4.98,5.67,7.82,2.32,11911,184.3,8.91
90,3,649,19373,652,20676,17680,1480,4.99,6.1,7.97,2.22,11791,175.49,9.56
90,2,684,16503,927,18115,17397,1111,3.8,7.1,9.38,1.5,9834,68.71,6.19
57,4,2453,15040,342,17837,33564,11247,3.37,5.17,8.95,1.66,10022,149.15,5.33
57,1,1782,13929,1130,16843,34299,15320,4.16,5.19,11.97,2.09,10470,32.39,108.44
57,5,2235,15277,662,18175,32864,10389,3.93,5.7,10.13,1.88,10026,137.0,6.22
57,3,1705,11831,736,14274,27600,7380,3.48,6.08,10.19,1.54,8977,105.38,4.64
57,2,1472,10706,876,13055,23410,5677,2.47,6.29,12.5,0.96,8177,39.05,2.06
11,4,13610,615,6935,21162,25812,3771,7.57,7.59,3.92,3.02,11811,139.49,17.96
11,1,13544,677,6720,20943,28944,7938,9.02,7.05,5.64,3.82,12843,38.51,123.11
11,5,14189,648,7159,21999,25105,3714,9.29,7.62,4.51,3.71,12146,131.09,16.72
11,3,14419,623,7038,22081,25232,3642,9.98,8.21,5.19,3.74,12255,121.62,19.63
11,2,10240,368,5166,15776,23426,3863,6.39,8.33,5.46,2.38,10065,57.24,27.87
21,4,14717,4456,1421,20596,20269,2129,5.38,6.84,5.88,2.28,11387,160.81,11.05
21,1,13296,1889,1586,16773,23522,4753,5.79,7.19,6.28,2.39,10718,70.95,75.32
21,5,15306,6001,1565,22874,20430,2163,6.41,6.62,7.02,2.77,11766,162.97,9.98
21,3,19160,1326,1874,22361,20149,2866,8.34,6.46,7.31,3.72,12733,174.14,13.68
21,2,7315,11123,1229,19669,17912,1427,3.65,7.05,10.36,1.47,9505,52.85,3.47
62,4,15251,2709,932,18894,26778,5700,6.26,5.75,5.68,3.03,11451,150.08,9.61
62,1,13427,2425,1057,16911,30758,10049,6.87,5.8,7.76,3.31,11590,35.24,112.05
62,5,15955,2931,1195,20082,26468,5176,7.84,6.28,6.26,3.58,11837,140.05,10.36
62,3,14663,2624,895,18184,26000,4857,7.9,6.66,6.72,3.45,11703,133.74,10.91
62,2,11075,2395,872,14344,23492,3659,5.04,6.94,8.27,2.13,9531,55.34,7.75
82,4,2759,18309,1933,23003,31252,8945,6.72,5.92,4.93,3.17,11668,157.34,11.72
82,1,2424,16931,2296,21653,36582,13264,7.67,5.94,6.56,3.61,12259,38.72,128.3
82,5,2610,17867,2175,22654,31117,8761,7.56,5.95,5.61,3.55,11678,148.47,12.46
82,3,2417,16649,1743,20811,30549,7845,7.66,6.96,6.18,3.3,11316,131.66,12.36
82,2,1965,12598,1385,15950,27995,5887,4.92,7.73,7.15,1.94,9318,59.11,10.05
25,4,1302,17129,768,19200,21271,4966,4.1,5.39,8.19,1.96,10464,149.08,8.83
25,1,1034,16296,1428,18760,28453,11588,5.26,5.78,10.84,2.54,11407,38.63,119.32
25,5,1083,18280,1042,20406,21231,4929,5.01,5.32,9.62,2.47,10763,148.71,8.44
25,3,959,16260,805,18025,20002,4344,4.67,6.15,10.04,2.09,9908,103.98,7.06
25,2,837,14254,807,15899,18793,3403,3.37,6.5,12.91,1.4,9180,37.13,4.03
267,4,2015,7685,507,10208,16847,6370,2.27,6.02,9.13,0.88,7596,69.78,2.09
267,1,1217,4404,455,6077,18693,7544,1.62,6.14,7.49,0.54,6855,21.49,48.84
267,5,1507,9476,703,11687,17849,6875,2.9,6.27,9.96,1.21,7933,75.86,1.68
267,3,1143,7123,495,8763,14714,6672,2.14,5.32,10.03,0.84,7116,41.81,0.92
267,2,887,7420,582,8891,15961,9347,1.92,5.55,15.74,0.75,8196,13.23,0.45
75,4,13751,5294,423,19470,34724,4487,5.05,5.2,5.29,2.61,11559,166.47,10.54
75,1,14260,3970,1278,19510,39360,7635,6.53,5.87,6.73,3.14,11865,44.93,117.52
75,5,11824,7484,551,19860,33297,3610,5.41,5.29,6.12,2.78,11649,166.88,10.86
75,3,8758,7878,504,17142,30326,3078,4.89,6.31,7.14,2.25,10794,143.89,10.59
75,2,1458,11818,543,13821,23564,1493,2.18,7.12,11.79,0.77,8618,45.68,2.9
111,4,3626,10395,720,14742,25793,2381,3.44,5.94,8.77,1.57,9590,133.61,4.85
111,1,2806,8676,1096,12580,26048,5389,3.69,6.14,11.07,1.69,9777,30.18,94.14
111,5,3013,10278,1011,14304,23717,1846,4.11,6.37,9.45,1.87,9478,118.14,4.83
111,3,2291,5862,674,8828,19603,1257,2.66,6.28,9.22,1.09,7530,63.34,2.24
111,2,2233,5366,776,8377,20474,1427,1.99,6.63,13.19,0.72,7789,35.05,0.78
518,4,6234,13382,1264,20882,21277,2180,5.68,5.76,5.47,2.7,11692,166.11,10.99
518,1,1895,14603,1244,17744,26559,6544,5.53,6.46,7.93,2.52,11127,45.77,107.65
518,5,1612,18069,1112,20794,20721,1937,6.17,5.84,7.43,2.95,11044,147.92,6.87
518,3,3933,14523,956,19414,20358,2489,6.38,6.33,7.83,2.93,11289,143.47,9.67
518,2,1062,14727,867,16657,19155,1585,4.12,6.8,9.77,1.76,9302,43.79,3.89
76,4,6079,11906,948,18935,27703,8263,5.75,5.96,5.38,2.76,10979,148.48,12.85
76,1,1154,17331,805,19292,29065,13074,7.67,5.4,7.27,3.97,11662,28.2,123.65
76,5,1246,19649,902,21798,23748,7336,7.53,6.44,6.58,3.42,11129,127.36,11.05
76,3,1557,18097,642,20298,22472,6597,7.3,6.64,7.05,3.31,10992,114.62,12.94
76,2,938,17415,779,19134,20575,6707,5.69,6.91,9.03,2.47,9906,37.09,8.15
895,4,18352,168,878,19400,25497,4472,5.58,7.6,4.89,2.28,12065,173.17,17.62
895,1,14226,158,1161,15547,29542,8180,5.42,7.52,6.46,2.18,11416,55.4,113.21
895,5,18378,169,1085,19633,25453,4645,6.66,7.75,5.83,2.7,12167,162.46,16.3
895,3,18092,248,505,18847,24607,5574,7.45,6.67,7.34,3.31,12548,168.5,16.42
895,2,9577,111,409,10098,19995,3222,3.39,7.81,6.08,1.21,8767,82.34,10.31
56,4,17223,1784,1220,20228,27321,5141,7.03,6.85,5.6,3.06,11975,150.97,16.45
56,1,16294,1391,1191,18878,31204,11661,8.09,6.13,7.92,3.78,12429,38.06,127.94
56,5,16735,1482,1190,19408,25477,4876,7.82,6.47,6.32,3.54,11815,143.87,15.65
56,3,14921,1146,853,16922,24673,4729,7.22,7.55,6.26,2.9,10963,117.17,18.68
56,2,11662,1162,859,13684,23737,4069,4.93,7.74,7.52,1.92,9458,54.79,21.41
20,4,990,9436,543,10972,25843,8035,3.18,8.42,7.13,1.25,8114,86.93,9.92
20,1,1326,11630,951,13909,34197,15686,4.88,5.93,11.89,2.38,10710,31.78,107.19
20,5,929,15020,1238,17189,27076,10276,6.23,6.9,9.5,2.94,10267,114.03,10.83
20,3,784,9279,463,10528,22520,6479,3.73,8.06,6.61,1.47,8024,79.99,10.73
20,2,875,10113,749,11739,24956,6579,3.69,8.83,10.22,1.4,8427,43.37,11.25
2,4,15853,234,6449,22538,28095,6618,7.11,6.66,4.75,3.18,12158,159.66,13.45
2,1,13463,199,6302,19965,32637,13854,7.53,6.48,7.03,3.43,11993,39.82,120.1
2,5,15898,282,6164,22346,28119,6227,7.85,6.97,5.53,3.44,12001,148.84,12.91
2,3,15153,213,5130,20497,28080,5780,7.97,7.74,5.93,3.18,11671,138.8,13.43
2,2,9968,307,3741,14018,24099,3322,4.17,8.04,7.08,1.55,9038,59.36,11.05
61,4,1216,18190,479,19887,19012,2055,4.81,5.66,7.87,2.33,11028,167.71,9.84
61,1,876,13020,778,14675,22451,5074,4.3,5.97,8.97,1.99,10142,52.62,89.66
61,5,1065,18532,476,20074,19037,2014,5.11,5.56,9.22,2.55,11144,169.58,9.35
61,3,1017,17009,454,18483,18771,2342,4.96,6.24,9.99,2.29,10804,150.18,8.59
61,2,806,9932,414,11153,16777,2156,2.39,5.6,13.79,0.99,8687,40.04,2.59
516,4,6078,11730,364,18174,29876,3004,3.87,5.29,8.65,1.86,10512,159.95,4.88
516,1,4502,9320,1066,14889,33036,7245,4.04,5.94,10.22,1.85,10355,41.85,104.37
516,5,5734,10227,495,16457,28803,2644,3.96,5.2,9.38,1.92,10248,154.12,4.66
516,3,5355,9458,654,15469,29913,2691,4.33,6.56,10.42,1.89,10180,132.44,5.45
516,2,4719,7238,881,12840,27291,2397,3.03,6.98,11.78,1.19,8743,57.28,3.12
80,4,20603,1000,1152,22757,25041,4450,7.53,6.62,6.01,3.36,11607,142.27,10.22
80,1,18136,810,1082,20029,28813,9139,8.06,6.47,7.75,3.66,11895,33.02,112.37
80,5,20889,909,1240,23040,24277,4298,8.74,6.58,6.82,3.93,11823,130.68,9.45
80,3,18961,866,1084,20913,23813,3769,8.55,7.42,7.23,3.54,11413,114.33,10.04
80,2,14403,579,1145,16129,22426,2649,5.66,7.73,9.4,2.29,9622,47.45,5.54
78,4,14172,4126,444,18744,26859,4244,4.72,5.57,6.89,2.33,10340,143.58,7.23
78,1,12390,1910,1338,15641,27786,7744,5.71,5.69,9.22,2.79,10738,27.48,112.14
78,5,14102,3433,910,18447,26092,3864,5.92,6.02,7.51,2.81,10417,129.89,8.42
78,3,11670,2227,740,14639,24316,2889,5.51,6.94,7.7,2.39,9737,105.62,8.36
78,2,8640,2324,858,11824,22616,2247,3.49,6.31,10.76,1.51,8560,45.42,4.0
555,4,10286,135,2716,13139,23110,4882,7.64,6.27,5.99,3.51,10005,89.06,3.03
555,1,8342,55,2207,10606,26811,7737,7.02,7.3,7.17,3.0,9947,18.73,66.35
555,5,11580,53,3636,15270,24068,5287,10.01,6.22,6.66,4.67,10816,88.6,2.64
555,3,10672,54,2826,13555,22835,5265,9.07,6.68,6.85,4.02,10290,75.66,2.75
555,2,8452,15,2296,10764,21324,4496,6.56,7.08,8.93,2.83,9566,37.78,1.75
246,4,18054,1925,1227,21207,23038,3019,6.81,6.57,5.43,3.01,11893,151.3,12.67
246,1,17089,1616,1444,20150,28593,8555,7.9,6.35,7.42,3.65,12728,36.45,124.33
246,5,18598,1807,1159,21566,22713,2235,8.11,6.95,6.14,3.5,11947,142.81,11.89
246,3,18075,1600,909,20586,22905,2409,8.3,7.67,6.45,3.36,11631,130.83,12.57
246,2,13816,1217,938,15973,20457,1643,5.38,7.8,8.0,2.16,9665,48.13,8.67
133,4,19801,748,2342,22892,23018,2472,7.05,7.22,6.27,2.97,12183,156.71,14.67
133,1,17309,497,2337,20145,26715,6389,7.78,7.49,7.52,3.19,12221,45.25,107.95
133,5,20521,637,2204,23363,22655,2790,8.72,7.17,6.81,3.69,12516,148.24,15.28
133,3,18295,475,1826,20597,22764,3129,7.85,7.66,7.51,3.18,12205,142.56,14.17
133,2,15098,238,1313,16650,20835,2053,5.57,8.42,9.56,2.12,10136,48.51,9.97
497,4,2160,10124,669,12955,21674,5317,3.27,5.39,10.76,1.58,9162,112.13,3.44
497,1,1688,7319,769,9778,24768,7807,3.12,6.23,10.2,1.35,9080,28.83,80.77
497,5,1780,13219,1017,16017,20158,5564,5.09,5.68,10.77,2.51,10015,122.55,4.02
497,3,1284,6175,543,8004,17019,3715,2.42,5.62,10.43,1.02,7477,59.15,1.55
497,2,1201,5269,668,7141,19049,4292,1.64,5.97,14.47,0.56,7809,33.68,0.67
33,4,3044,16446,571,20063,29742,3044,4.44,7.76,8.08,1.83,10653,143.15,8.25
33,1,2613,13134,1156,16905,30353,8132,5.29,5.93,11.69,2.47,10960,29.77,108.29
33,5,2852,15037,796,18687,27573,2912,5.05,7.14,9.44,2.14,10063,117.71,8.01
33,3,2572,14186,638,17397,28385,2877,5.13,7.68,9.58,2.13,9903,105.9,9.7
33,2,1957,10221,782,12961,25277,2824,3.25,7.87,11.63,1.19,8626,46.87,6.24
421,4,15556,182,4294,20034,26817,7496,7.38,6.86,4.8,3.15,11631,137.51,12.94
421,1,13904,56,3601,17562,28287,11100,8.38,6.23,7.33,3.9,11766,25.51,117.32
421,5,17841,124,4492,22458,25828,7038,9.96,7.01,5.38,4.22,12340,127.96,14.19
421,3,15163,235,3292,18691,23355,5544,8.8,7.57,5.98,3.41,11102,108.7,12.27
421,2,12358,345,2843,15547,23120,4458,6.25,8.16,8.31,2.38,9767,44.67,11.26
526,4,2473,10828,418,13721,25742,3781,3.3,6.0,10.82,1.49,9024,111.65,3.02
526,1,1604,7134,816,9556,26192,5835,2.68,6.89,11.01,1.09,8728,23.31,76.72
526,5,1992,9496,777,12266,24101,3326,3.51,6.62,11.05,1.49,8628,89.07,3.12
526,3,1331,5804,573,7711,18875,2178,2.28,6.46,10.12,0.9,7072,48.68,1.21
526,2,1219,5878,736,7835,20345,2501,1.94,6.79,14.51,0.68,7857,32.88,0.54
888,4,2491,7182,3295,12970,23042,1811,2.47,6.19,10.01,0.99,8642,101.61,2.76
888,1,1307,4327,2306,7942,22319,3931,2.03,6.86,8.67,0.64,7846,25.54,56.72
888,5,1841,7855,3256,12954,21401,1453,3.02,6.52,10.39,1.18,8764,99.24,2.55
888,3,1611,5231,2378,9222,17456,1275,2.34,6.09,9.4,0.84,7594,59.41,1.91
888,2,1191,5553,2360,9106,18155,1478,1.97,6.16,14.46,0.7,8199,23.39,0.87
58,4,16169,2573,882,19626,31177,6727,5.68,6.13,5.13,2.64,11712,171.55,12.41
58,1,12727,2037,1044,15809,33874,9627,5.53,6.78,6.19,2.41,11053,52.96,104.77
58,5,16468,2441,1075,19986,29901,6080,6.84,6.22,5.71,3.17,11883,166.15,12.06
58,3,15201,2118,805,18125,29888,5657,7.01,7.52,6.46,2.92,11434,144.9,12.62
58,2,9880,1591,764,12238,26994,4056,3.92,7.69,7.49,1.53,9008,68.85,9.21
107,4,16108,2547,1025,19682,28644,9394,7.0,6.43,4.91,3.14,11670,145.33,16.3
107,1,17397,1356,1448,20203,31168,12127,8.85,6.93,6.23,3.8,12704,31.59,125.71
107,5,13577,2922,706,17207,31836,10587,6.43,7.06,6.31,2.77,11040,129.69,16.94
107,3,18877,2162,1026,22067,27597,7794,9.89,7.94,5.84,3.94,12220,127.41,17.68
107,2,11926,2001,874,14803,24735,5558,5.66,8.21,7.39,2.13,9655,52.18,14.16
92,4,16514,56,1000,17571,26287,6426,6.17,6.13,5.19,2.89,11577,164.41,14.16
92,1,13829,76,891,14797,28949,9692,6.29,6.36,6.62,2.89,11287,43.95,113.94
92,5,17327,66,1123,18516,25870,5856,7.51,6.4,5.89,3.43,11854,156.74,14.29
92,3,15455,88,767,16311,26014,5505,7.22,7.16,6.26,3.04,11347,140.94,15.05
92,2,9716,165,684,10567,23168,3279,3.99,7.54,7.52,1.56,8872,62.07,9.58
68,4,907,20079,945,21934,22814,1914,5.61,6.03,6.69,2.64,10947,158.85,9.42
68,1,819,19353,1497,21671,26836,6749,7.22,5.86,8.4,3.55,11961,44.47,120.19
68,5,831,20441,1099,22372,21800,1815,6.72,5.66,7.65,3.32,11156,154.84,9.64
68,3,838,20876,928,22643,23072,2029,7.39,6.9,7.98,3.23,11326,141.23,9.96
68,2,600,16962,1008,18573,20809,1602,4.68,7.19,9.57,1.98,9176,47.97,5.94
13,4,1026,18783,343,20155,23660,2704,4.51,5.83,5.69,2.14,11380,182.37,15.16
13,1,794,15451,893,17140,30372,7698,5.06,6.67,7.17,2.24,11020,54.26,114.36
13,5,965,19017,442,20425,24291,2728,5.36,5.96,6.86,2.53,11535,176.93,15.08
13,3,969,17680,415,19066,23553,2683,5.51,6.8,6.88,2.4,11161,157.63,15.65
13,2,910,13836,603,15351,22480,1868,3.8,7.5,8.55,1.49,9194,55.76,9.0
360,4,20699,3064,957,24721,26807,2881,7.85,7.87,4.47,3.29,12721,171.37,16.21
360,1,15488,2514,1091,19095,29392,5689,7.23,7.85,5.39,2.9,11862,59.94,103.98
360,5,21428,3198,1058,25685,26353,2720,9.38,7.74,5.06,3.92,13047,164.63,15.13
360,3,19046,2780,627,22455,23710,2980,9.44,6.91,6.18,4.12,13121,168.25,13.95
360,2,9288,1502,324,11115,17809,1761,3.96,7.22,4.49,1.49,8463,79.61,9.4
113,4,9320,8203,1081,18607,31340,3326,4.67,5.47,8.81,2.33,10944,158.13,9.11
113,1,6982,7494,1114,15592,32335,8849,4.98,5.08,11.62,2.59,11106,37.5,111.98
113,5,8630,8963,1200,18794,29870,3102,5.72,5.73,9.31,2.83,11077,148.47,9.77
113,3,7326,7294,809,15430,29212,3164,5.13,6.45,10.35,2.38,10443,126.92,10.15
113,2,5669,5739,843,12253,26103,2677,3.14,6.7,12.2,1.29,8827,54.42,5.38
235,4,17805,636,980,19422,20365,8557,4.37,6.06,8.79,2.03,10909,137.74,8.04
235,1,11633,405,1327,13367,23335,10367,3.78,7.18,8.24,1.55,9828,40.77,67.31
235,5,17569,515,1168,19254,20464,8883,5.21,6.42,9.36,2.37,11049,132.0,7.32
235,3,16773,461,1378,18614,19157,9534,5.65,6.33,10.13,2.61,11342,133.97,8.27
235,2,16085,277,696,17059,18380,9895,4.27,6.78,12.39,1.92,10114,36.61,4.36
147,4,1598,14792,524,16916,18518,3426,3.58,5.96,8.91,1.62,10276,156.46,5.24
147,1,1135,11285,755,13177,22393,5763,3.46,6.88,9.75,1.36,9220,48.2,69.96
147,5,1467,16659,573,18700,18416,4010,4.4,5.43,10.5,2.14,10998,171.92,5.69
147,3,1493,16710,393,18598,18145,4739,4.8,5.62,11.35,2.31,11164,167.98,6.55
147,2,1359,11975,570,13907,17549,4444,2.98,6.47,13.23,1.22,9048,41.78,1.87
875,4,17241,398,5032,22673,32671,3991,6.16,6.43,5.4,2.74,11774,157.05,10.3
875,1,13609,529,4619,18760,34803,8174,5.99,6.67,7.41,2.61,11306,40.7,108.16
875,5,14930,684,4599,20215,32091,3880,6.06,5.73,6.42,2.86,11293,152.02,8.88
875,3,14876,454,4864,20196,31816,3500,7.0,7.25,7.35,2.93,11357,134.28,9.51
875,2,8721,727,3882,13332,27542,2194,3.68,7.03,10.3,1.47,8756,50.69,4.1
35,4,1546,20627,1406,23581,21932,2254,4.89,5.93,6.93,2.23,10546,131.94,8.42
35,1,7980,9697,2048,19726,25752,6650,8.69,6.15,7.96,3.89,12242,29.77,116.06
35,5,1914,19169,1355,22440,21502,2127,5.64,6.04,7.87,2.55,10339,111.66,9.12
35,3,3476,13597,1131,18205,20162,1963,5.82,6.77,7.4,2.37,9809,84.6,10.16
35,2,1432,16604,1248,19286,18169,1843,4.5,6.04,10.28,1.99,9343,32.45,6.66
98,4,6751,7264,1039,15056,26661,2907,4.18,4.92,10.55,2.13,10059,136.4,6.03
98,1,5455,5081,1213,11751,28408,6975,4.2,5.48,10.66,2.03,10237,30.42,103.15
98,5,6898,6827,1176,14903,26926,2851,4.85,5.19,10.93,2.45,10091,125.15,6.77
98,3,6207,5686,966,12861,26195,2627,4.77,5.98,11.12,2.18,9853,109.31,6.75
98,2,4507,4203,1017,9728,23109,2060,3.11,5.95,12.84,1.35,8531,45.18,3.67
102,4,4645,16530,690,21867,32563,3343,4.89,5.12,6.36,2.53,11648,174.26,14.74
102,1,3827,16202,1299,21330,35060,9113,6.5,5.21,7.84,3.35,12332,49.45,133.91
102,5,3316,19469,1058,23844,29167,3019,6.42,5.28,6.66,3.31,12103,164.53,15.78
102,3,3531,16064,833,20430,29520,3087,5.7,6.39,6.64,2.63,11358,144.61,17.47
102,2,2200,14456,879,17536,26888,2739,4.15,6.55,7.61,1.8,9680,71.01,17.72
27,4,776,18567,1092,20436,31615,4283,4.29,6.42,8.0,2.0,11266,178.63,7.13
27,1,723,16560,1634,18920,35619,7915,4.94,6.25,10.27,2.26,11122,56.59,105.91
27,5,740,15551,1203,17496,28341,3034,4.68,5.63,10.5,2.3,10378,148.11,6.25
27,3,751,18068,1022,19843,30595,3154,5.63,7.25,9.17,2.51,10909,147.49,8.94
27,2,620,10358,828,11808,25966,2372,2.83,7.28,11.45,1.07,8512,59.97,4.6
14,4,13023,8363,571,21958,40378,3582,4.59,6.84,6.48,1.91,12305,193.7,11.55
14,1,13682,5239,1458,20382,39193,7399,6.34,6.22,9.39,2.74,12194,56.79,120.89
14,5,12476,6392,656,19526,40732,2982,4.63,7.03,6.44,1.92,12135,188.36,11.47
14,3,14456,4929,810,20197,38506,2570,6.59,8.26,8.4,2.33,11969,159.72,12.06
14,2,10716,3811,1035,15564,33200,2122,4.13,8.2,10.82,1.4,9654,69.97,8.07
15,4,16460,142,1417,18020,20401,2797,4.24,6.56,5.57,1.83,11761,186.45,16.23
15,1,11385,131,1476,12994,22243,5402,3.69,6.5,5.11,1.51,10099,80.92,85.23
15,5,17492,165,1475,19133,20217,2923,4.92,6.05,6.59,2.26,12132,191.77,16.39
15,3,18273,192,1693,20159,19500,3288,6.01,5.81,8.21,2.84,12357,192.02,16.08
15,2,9693,114,665,10474,15096,2097,2.62,6.06,6.01,1.03,8243,85.58,8.44
72,4,7571,5515,370,13458,23633,2202,3.92,5.13,7.67,1.99,10014,139.58,9.31
72,1,6804,4405,1276,12486,27713,6963,4.49,5.21,10.48,2.27,10810,26.57,120.16
72,5,5619,4941,355,10917,21467,1784,3.7,4.44,9.84,2.02,9431,124.32,8.23
72,3,6360,3481,579,10422,23671,2035,4.12,7.18,7.38,1.69,9134,96.9,12.78
72,2,4032,3416,569,8019,22975,1898,2.33,6.69,11.18,0.88,8187,43.52,6.06
37,4,2168,9728,525,12423,17292,8411,3.01,5.81,10.54,1.34,8366,72.18,2.6
37,1,1287,5622,531,7441,20007,8253,2.17,6.56,8.09,0.9,7213,22.98,42.36
37,5,1906,10650,649,13207,18078,7302,3.45,6.13,9.62,1.51,8471,84.83,2.49
37,3,1785,8841,396,11023,16846,8831,2.97,5.74,10.39,1.3,8117,68.91,1.93
37,2,1594,8101,464,10161,17899,12581,2.29,5.78,14.45,0.95,8284,17.48,0.95
16,4,1763,8937,468,11170,19876,17470,2.0,5.2,11.6,0.84,8545,111.05,2.05
16,1,1143,4167,463,5774,19638,12110,1.47,6.22,7.62,0.55,7090,27.68,50.99
16,5,1304,9060,503,10869,18964,18010,2.21,5.23,12.15,0.98,8536,107.19,2.12
16,3,1486,6965,412,8864,16921,15541,2.1,5.49,10.94,0.88,7905,78.22,2.28
16,2,647,5438,324,6410,15567,20011,1.06,5.67,14.53,0.32,7670,16.27,0.46
50,4,1863,20599,679,23142,30564,9406,5.11,6.19,8.21,2.43,10731,153.3,5.92
50,1,1187,16299,1168,18655,33828,11231,4.79,7.44,9.11,2.07,10176,46.95,82.18
50,5,1638,21684,834,24157,30358,9256,6.21,6.17,9.55,2.98,11034,148.96,6.36
50,3,1539,21123,759,23422,29409,9334,6.8,6.2,10.26,3.26,11233,144.3,6.42
50,2,1300,17542,1306,20150,27195,7400,4.8,7.23,12.21,2.06,9765,42.84,3.5
517,4,688,19280,661,20631,30886,7189,6.3,6.79,5.9,2.85,10722,141.18,9.34
517,1,634,17268,1099,19002,35399,11630,7.26,7.06,7.48,3.23,11323,33.9,107.63
517,5,638,19125,924,20689,30600,6815,7.31,6.8,6.75,3.3,10911,135.34,9.17
517,3,685,19978,824,21489,28606,5737,8.64,7.51,6.85,3.7,11144,123.29,9.24
517,2,541,14368,963,15874,26731,4918,5.2,8.08,9.32,2.07,9238,44.58,5.43
134,4,1016,20209,1394,22621,18460,1484,6.0,6.02,5.81,2.79,11644,172.41,8.05
134,1,475,8912,692,10080,14170,2721,3.24,4.56,3.82,1.39,7779,51.2,51.39
134,5,987,20758,1555,23303,18678,1481,6.55,6.0,6.72,3.06,11902,174.94,7.79
134,3,937,20626,1153,22718,18388,1911,6.57,6.33,7.57,2.96,11834,168.84,8.3
134,2,813,17609,1216,19641,17139,1265,4.87,6.93,8.95,2.03,9675,50.33,4.35
223,4,3096,15323,606,19027,33932,9750,5.04,5.39,7.89,2.65,10647,139.46,5.59
223,1,2585,10674,1151,14411,34435,10909,4.71,6.6,8.76,2.15,10001,30.73,89.12
223,5,2864,14771,902,18539,33306,9123,5.7,5.75,8.67,2.92,10486,125.27,5.66
223,3,2165,11188,707,14062,31031,7726,4.61,5.6,10.49,2.3,9964,122.83,4.54
223,2,1634,9671,701,12008,27150,6544,3.11,6.23,11.36,1.37,8458,43.88,2.45
163,4,874,20631,1075,22583,20641,1808,5.09,7.05,7.13,2.3,11417,159.36,13.92
163,1,824,19620,1484,21930,22238,5494,6.79,6.29,9.07,3.26,12076,44.37,126.94
163,5,861,21255,1234,23352,20209,1878,5.89,6.72,8.37,2.7,11833,165.16,13.53
163,3,834,21526,961,23323,19223,2181,6.48,6.91,9.0,2.94,11863,155.1,13.93
163,2,798,18144,1268,20212,18852,1317,4.92,7.79,10.66,2.05,10072,46.47,9.33
91,4,19295,93,1254,20643,26333,4964,6.74,6.97,5.33,2.84,11595,149.64,15.56
91,1,19304,45,1831,21181,30691,9926,8.39,6.42,6.96,3.74,13166,41.64,132.0
91,5,20274,75,1455,21806,24864,3720,8.3,6.88,5.98,3.54,12289,150.5,14.26
91,3,17437,99,1074,18611,23445,3105,7.48,7.9,5.92,2.94,11267,125.04,15.67
91,2,14574,60,1118,15754,22156,2661,5.61,8.1,6.77,2.15,10092,60.04,18.64
44,4,4178,7925,476,12581,28645,12640,2.94,6.68,9.75,1.24,9140,115.63,6.24
44,1,3675,6623,1013,11312,29751,18975,3.66,5.63,12.72,1.76,10103,26.72,102.87
44,5,2071,4303,456,6832,21364,9512,1.82,5.86,12.37,0.73,7775,69.21,3.51
44,3,2518,4968,478,7966,21991,10097,2.74,6.11,10.58,1.19,7994,77.19,3.75
44,2,1655,3808,595,6059,21524,10139,1.66,6.1,14.55,0.6,7822,35.5,1.43
17,4,3233,20926,1694,25855,22197,2791,5.63,6.57,5.73,2.42,12027,167.93,14.36
17,1,2530,19064,1948,23544,24023,6184,6.09,6.61,7.28,2.63,11873,48.99,117.05
17,5,2497,22653,1777,26929,21729,2282,6.14,6.73,6.98,2.62,11716,153.36,12.08
17,3,2928,19098,1241,23269,21104,2717,6.23,7.15,7.29,2.54,11489,142.13,12.39
17,2,1632,19520,1544,22698,18723,1594,4.59,7.33,8.86,1.83,9893,50.67,8.46
412,4,4112,10618,696,15428,25153,2525,4.13,6.81,7.1,1.74,10299,143.27,7.26
412,1,2158,6160,749,9069,25328,4955,3.05,7.33,8.14,1.17,8668,30.7,72.54
412,5,3845,9246,936,14029,23042,2337,4.82,7.05,7.56,2.04,9977,123.07,5.86
412,3,3364,7555,672,11592,20506,2299,4.57,6.86,8.71,1.9,9462,102.13,6.13
412,2,1126,6060,703,7890,20494,1750,2.01,6.32,14.27,0.73,7927,35.65,0.67
18,4,16177,2540,2063,20782,22201,2732,6.5,6.47,4.19,2.86,12647,171.09,18.27
18,1,14923,2163,2354,19442,27321,6919,7.95,7.03,5.8,3.33,12581,56.97,110.3
18,5,17564,2486,2451,22502,22056,2858,8.4,6.22,4.91,3.77,13232,167.21,17.65
18,3,16380,2121,2062,20566,21201,3578,8.18,6.18,6.25,3.68,12956,163.38,16.64
18,2,9615,1603,1130,12349,18008,2139,4.52,7.04,5.11,1.73,9324,78.66,11.38
48,4,15347,2730,861,18939,33260,10562,5.34,6.2,5.06,2.43,11940,162.78,13.16
48,1,13483,2336,1170,16991,36955,16827,6.37,5.82,8.48,3.04,11701,38.77,112.57
48,5,14212,2580,952,17746,32419,10068,5.81,6.4,5.79,2.6,11582,146.98,13.07
48,3,11191,2054,613,13860,28358,8706,5.39,6.15,6.53,2.35,10503,120.02,13.93
48,2,6489,2259,771,9521,26855,8494,3.02,5.9,10.51,1.29,8583,50.57,6.21
23,4,17069,467,1564,19101,32940,9387,6.25,6.0,4.15,2.84,12721,176.85,23.27
23,1,14370,436,1928,16735,36379,13027,6.42,6.34,5.79,2.82,12294,55.52,123.47
23,5,16625,593,1237,18457,32658,9682,6.92,5.86,4.87,3.21,12591,171.4,21.99
23,3,14916,550,1133,16600,31484,7916,7.13,6.94,5.5,2.97,12052,147.22,23.31
23,2,9323,374,832,10530,27697,6448,3.92,6.79,5.97,1.63,9616,80.73,22.34
4,4,7131,9514,1233,17880,22275,2202,5.14,7.23,6.25,2.15,11729,145.64,12.09
4,1,6718,6577,2112,15409,26697,6183,5.72,7.49,7.04,2.33,11511,43.49,102.51
4,5,2183,14435,788,17408,21170,2133,4.95,6.33,8.7,2.28,11479,151.72,6.92
4,3,8222,8286,1605,18115,21858,2802,6.69,7.61,7.22,2.73,12241,141.48,13.57
4,2,1728,10720,834,13283,19842,1603,3.24,7.68,11.03,1.24,9131,43.34,4.11
29,4,13425,3742,6156,23325,21913,2091,8.0,7.22,6.27,3.32,11885,131.87,14.12
29,1,15734,2019,5167,22922,26739,6050,9.61,7.19,7.25,4.03,12617,45.64,102.33
29,5,11968,6184,7771,25925,21893,2116,9.79,7.03,6.44,4.18,12547,143.13,13.05
29,3,18338,1298,4203,23841,21582,2428,9.23,6.78,7.06,3.97,12657,152.3,15.04
29,2,9372,6161,7386,22921,20363,1749,8.5,8.22,8.71,3.34,11183,47.52,9.85
77,4,7885,10104,643,18634,30033,5578,4.61,6.14,6.12,2.16,10865,152.94,13.65
77,1,9066,7631,1359,18057,32287,9729,6.69,5.69,8.19,3.27,11905,37.26,125.45
77,5,7824,9477,919,18222,28449,4887,5.56,6.31,6.73,2.56,10879,141.22,15.14
77,3,9734,6818,722,17276,28868,4379,6.57,7.35,6.74,2.69,10941,123.83,17.76
77,2,5087,5661,745,11494,25840,3736,3.56,7.35,8.97,1.39,8849,53.96,13.23
6,4,19124,465,1743,21333,27669,4148,6.74,6.21,5.36,3.16,12651,178.91,13.12
6,1,15293,400,2007,17702,29695,7850,6.93,6.3,6.49,3.16,12199,60.87,114.81
6,5,18374,436,1960,20772,27172,4085,7.48,6.24,6.02,3.46,12573,169.48,12.74
6,3,15816,380,1541,17739,26775,3893,7.27,7.09,6.6,3.08,11985,154.14,11.87
6,2,11677,463,1559,13700,24463,2379,5.26,7.55,7.68,2.14,9868,69.44,7.95
110,4,8347,15224,1281,24854,22206,3671,7.98,7.17,4.76,3.39,12527,163.35,11.42
110,1,7015,10801,1503,19321,26013,6806,7.04,7.35,5.96,3.05,11443,54.26,94.78
110,5,8148,15106,1366,24622,22219,4025,8.23,6.94,5.89,3.57,12479,164.13,9.81
110,3,12959,7484,841,21286,20325,3631,7.84,6.49,7.17,3.53,12548,167.69,12.62
110,2,8399,9350,899,18649,18023,1892,5.39,7.47,7.98,2.21,9927,53.5,6.1
67,4,14404,566,6966,21938,22495,2566,6.47,7.02,4.09,2.84,12046,163.03,14.47
67,1,11785,444,6292,18522,25414,5689,7.17,7.26,5.14,3.02,11721,51.91,101.65
67,5,14426,620,6580,21628,22243,2606,7.21,6.95,4.7,3.19,12094,158.29,14.01
67,3,13536,593,6229,20359,21266,3143,7.78,6.73,5.87,3.42,12445,160.77,13.76
67,2,7612,181,3374,11169,16600,1854,3.86,7.14,4.39,1.45,8516,71.93,9.98
45,4,935,20339,438,21713,20323,1800,6.39,6.12,5.63,2.89,11771,170.46,8.89
45,1,635,15009,740,16387,25233,5486,5.72,7.06,6.59,2.36,10516,54.29,84.35
45,5,820,21516,512,22849,20476,1917,7.54,6.16,6.58,3.41,12045,167.17,8.51
45,3,780,21672,448,22901,19852,2082,8.06,6.42,7.16,3.57,12235,163.7,9.6
45,2,768,15622,646,17038,18807,1469,5.16,7.24,9.14,2.1,9768,56.03,4.49
161,4,631,18649,6219,25501,18394,1482,5.99,5.91,6.82,2.84,11321,159.94,5.62
161,1,639,13208,4695,18544,21892,4340,4.59,6.91,7.33,2.02,9917,54.6,68.34
161,5,571,19740,5699,26012,17972,1462,6.33,5.5,8.01,3.15,11482,165.1,6.08
161,3,564,19021,5371,24957,17456,1801,6.3,6.04,8.51,2.95,11146,144.08,5.68
161,2,543,17815,4801,23161,16880,1351,4.88,6.7,10.16,2.15,9802,47.42,3.48
711,4,1586,20589,981,23157,20106,1779,6.37,6.5,6.94,2.82,11110,151.8,5.59
711,1,968,16110,977,18056,24158,4993,5.48,7.1,7.49,2.3,10200,47.28,82.71
711,5,1501,21335,1092,23930,19459,1781,7.29,6.14,7.76,3.37,11416,155.2,5.9
711,3,1278,20666,867,22813,19764,1850,6.91,7.12,8.25,2.92,11101,138.93,5.78
711,2,1182,18224,1067,20475,18560,1403,5.26,7.43,9.98,2.14,9824,49.6,3.32
254,4,17520,408,929,18859,25000,3579,6.13,7.04,5.61,2.61,11279,142.45,15.39
254,1,15764,250,1072,17088,27243,8150,6.98,6.27,8.12,3.2,11787,34.46,119.4
254,5,19754,173,1250,21180,22928,3365,8.41,6.99,5.94,3.57,12103,141.25,17.13
254,3,17781,181,896,18860,23050,3391,7.96,7.96,6.88,3.05,11496,120.23,15.97
254,2,11704,543,879,13127,22709,2238,4.43,7.71,9.31,1.7,9261,52.57,10.86
234,4,16838,2470,1197,20507,28124,5984,6.38,6.69,5.09,2.88,11682,155.47,16.18
234,1,14521,2510,1425,18458,32102,11496,7.6,6.36,7.07,3.53,11995,34.68,122.31
234,5,15931,2497,1382,19813,26913,5632,7.48,6.27,5.86,3.47,11660,147.79,14.23
234,3,16069,2649,1355,20075,27633,5906,8.5,7.51,6.3,3.49,11875,130.28,17.77
234,2,10029,2224,968,13223,24141,4412,4.97,7.48,7.72,2.04,9302,52.13,15.25
112,4,799,22409,925,24135,18241,1236,5.17,5.82,5.96,2.53,11674,177.42,9.05
112,1,587,15783,1074,17446,21577,4053,4.34,6.59,6.16,1.87,9900,63.84,71.2
112,5,666,23783,1046,25498,18194,1195,5.99,5.64,6.96,2.98,12050,179.63,9.18
112,3,689,23512,907,25110,17920,1458,6.45,6.02,7.64,3.05,11935,168.98,9.36
112,2,625,19855,1068,21550,18171,1183,4.67,7.27,9.0,1.91,9807,57.59,5.27
8,4,1055,20795,834,22685,29733,23981,5.45,5.47,5.3,2.74,11225,174.55,9.11
8,1,684,13208,802,14696,31331,22461,3.67,6.65,5.3,1.47,9210,64.78,66.87
8,5,922,22830,760,24514,30734,24695,6.66,5.61,6.13,3.36,11656,173.83,9.41
8,3,894,22517,594,24007,31105,23846,7.28,5.88,6.61,3.57,11706,166.78,10.05
8,2,761,14910,757,16430,26392,14856,4.07,7.54,7.15,1.62,8969,61.88,6.04
106,4,9559,9109,1140,19810,31505,6112,5.31,6.15,5.97,2.5,11214,153.85,11.29
106,1,8980,6030,1270,16281,33065,10093,5.76,5.63,9.34,2.86,11283,32.02,115.02
106,5,8740,9432,1572,19746,30254,5394,6.21,6.7,6.42,2.79,11483,146.83,13.01
106,3,7421,8390,1058,16871,28207,4312,5.79,7.65,7.06,2.37,10577,122.72,12.27
106,2,5516,6766,856,13140,27056,3072,3.52,7.42,9.17,1.4,8990,57.53,9.03
19,4,9165,11278,598,21043,35334,13970,7.21,6.74,5.76,3.25,11389,144.94,11.26
19,1,7014,9320,1088,17423,38159,17458,7.94,7.02,7.99,3.44,11721,31.43,105.51
19,5,8090,11002,752,19845,35102,13344,7.95,7.46,6.6,3.39,11226,128.43,11.75
19,3,7237,8830,627,16695,32803,11016,7.43,8.56,6.54,2.89,10637,105.83,13.87
19,2,4760,7577,719,13058,29576,9055,5.44,8.8,8.02,2.05,9254,47.44,15.25
498,4,20395,475,1200,22072,22515,2552,6.37,7.11,4.82,2.63,12422,172.88,19.57
498,1,17196,549,1523,19270,26251,6890,6.13,6.72,6.48,2.72,11715,62.54,115.28
498,5,20464,561,1100,22127,21644,2704,6.83,6.58,5.6,2.99,12258,170.81,16.0
498,3,19189,674,996,20861,20457,2912,7.31,6.27,7.01,3.3,12402,174.94,15.66
498,2,11476,215,644,12337,16301,1727,3.18,6.67,5.87,1.25,8595,71.57,8.24
101,4,659,21288,784,22733,16523,1270,5.36,5.32,7.59,2.73,10887,146.52,5.67
101,1,483,14739,744,15967,19760,3990,4.06,6.11,7.33,1.79,9317,50.38,61.93
101,5,632,23478,869,24981,16265,1262,6.26,4.85,8.55,3.37,11587,161.68,6.12
101,3,591,22794,791,24178,15728,1518,6.35,5.27,8.86,3.26,11300,146.21,5.75
101,2,554,20692,932,22179,15478,1162,4.75,6.0,10.8,2.26,9965,45.34,3.2
5,4,18964,1392,1116,21474,27573,9155,6.54,7.17,4.65,2.81,11515,148.71,14.16
5,1,15926,1484,1072,18485,32998,14472,6.68,6.78,7.84,3.01,11446,35.24,113.83
5,5,20263,1541,1317,23123,27757,8808,8.38,7.36,5.48,3.53,12012,137.31,15.07
5,3,19593,1495,935,22025,27396,8115,8.75,8.28,6.54,3.39,11962,127.08,14.96
5,2,13842,1273,880,15997,25220,5775,5.07,8.77,8.2,1.87,9556,54.12,13.35
157,4,17685,1570,1078,20334,25324,2607,6.03,7.59,4.87,2.5,12324,180.93,17.77
157,1,13793,1284,1173,16252,27387,5817,5.67,7.54,5.69,2.32,11621,67.59,112.24
157,5,17397,1527,1193,20118,24613,2656,6.81,7.39,5.66,2.89,12296,174.83,16.59
157,3,16848,1432,697,18979,24185,2604,7.38,7.57,6.54,3.06,12476,172.13,17.46
157,2,9972,1071,673,11719,21494,1567,3.75,8.41,6.22,1.34,9252,86.84,12.98
777,4,14900,4705,2784,22391,25746,2564,6.14,7.05,5.08,2.67,12098,173.15,17.69
777,1,12129,3909,2811,18852,28474,6351,6.08,7.01,6.11,2.63,11765,56.29,118.05
777,5,14285,4487,3170,21943,25393,2580,7.05,6.91,5.8,3.1,12097,165.39,16.58
777,3,13703,4184,2633,20522,25158,2499,7.14,7.52,6.4,2.97,11915,154.18,17.32
777,2,9132,3130,1998,14261,22600,1703,4.07,8.34,6.7,1.49,9294,77.57,13.1
83,4,13718,7305,548,21573,26310,6107,4.44,5.23,4.28,2.26,12253,184.5,13.13
83,1,11622,5510,1049,18182,27109,9279,5.23,5.36,6.03,2.63,11826,63.65,113.81
83,5,13410,6999,815,21225,23950,5670,5.02,4.97,4.77,2.59,12185,177.2,14.6
83,3,11603,6196,568,18368,25266,5531,4.9,6.07,5.93,2.3,11292,153.8,10.9
83,2,7419,6183,671,14276,23210,3768,3.04,6.54,7.15,1.29,9333,81.71,8.1
350,4,2107,4897,548,7554,10585,6296,1.78,4.45,9.77,0.77,6936,37.22,1.79
350,1,799,3534,322,4657,9128,4835,1.28,3.93,6.77,0.52,5673,14.24,15.12
350,5,1305,3843,423,5573,8841,5095,1.45,4.03,8.49,0.63,6243,27.77,1.37
350,3,1601,5028,533,7164,9434,5806,1.93,4.23,9.2,0.82,6622,33.52,2.01
350,2,778,8206,788,9774,9385,9859,1.91,4.24,15.19,0.84,7787,6.64,0.52
154,4,1818,16429,983,19232,35920,30042,4.97,4.78,8.18,2.73,10711,148.43,9.61
154,1,1138,14623,1404,17167,37527,37700,5.39,4.78,11.63,2.96,11075,35.04,109.72
154,5,1500,17379,1452,20334,34787,28487,6.45,5.08,9.23,3.46,11110,139.34,11.45
154,3,1299,15093,1166,17559,31859,23140,5.88,5.96,9.97,2.86,10303,111.02,10.28
154,2,985,10986,1178,13152,27927,17437,3.52,5.78,12.29,1.66,8804,48.99,5.85
238,4,21235,1137,1373,23747,23021,4092,8.0,6.25,5.15,3.56,12341,163.42,12.46
238,1,19189,1012,1534,21736,28514,9429,8.86,6.32,6.81,4.01,13090,42.51,129.17
238,5,21198,1244,1364,23807,22472,3652,8.88,6.41,5.81,3.92,12315,156.99,10.84
238,3,20380,1114,1156,22653,22410,3186,9.16,7.16,5.97,3.81,12156,144.55,12.2
238,2,15688,866,1171,17727,20112,2435,6.07,7.21,6.91,2.47,10124,62.58,9.96
221,4,10750,8780,980,20512,22069,2389,5.15,6.58,5.22,2.41,11797,175.09,14.59
221,1,6124,8162,1181,15469,26934,5808,4.91,7.31,6.24,2.06,10417,46.91,94.61
221,5,6379,15492,1257,23130,19829,1900,6.63,6.31,6.58,3.12,12006,159.55,9.12
221,3,10922,7635,851,19409,21200,2717,6.29,6.39,6.91,2.92,12120,172.76,13.91
221,2,2521,14772,1110,18406,16702,1396,4.88,6.86,7.39,2.1,9599,49.5,4.65
115,4,962,22380,582,23925,18830,1584,4.35,6.15,6.71,1.94,11336,169.34,7.05
115,1,703,17661,792,19158,22249,4483,3.93,6.67,7.0,1.7,10151,70.54,75.13
115,5,889,25023,633,26546,18452,1671,5.35,5.61,7.98,2.58,11812,177.14,7.59
115,3,793,24368,485,25647,17252,1937,5.28,5.56,8.51,2.54,11582,173.5,7.96
115,2,787,21678,764,23231,17615,1371,4.17,6.8,9.61,1.76,10113,67.0,4.57
26,4,1592,12215,411,14220,19963,7367,2.64,4.37,10.2,1.32,9439,140.84,3.09
26,1,1015,7804,639,9459,21525,7892,2.33,5.55,7.85,1.02,7950,44.32,51.67
26,5,1248,13504,461,15215,20339,7760,3.19,4.24,11.07,1.7,9850,153.05,3.62
26,3,1143,13210,640,14994,19226,7225,3.52,5.18,10.61,1.69,9343,115.15,3.26
26,2,974,9624,706,11306,17654,6292,2.39,5.19,13.58,1.05,8530,37.35,1.43
142,4,2276,15752,3146,21176,18923,2002,5.78,5.81,6.38,2.79,10627,139.68,4.67
142,1,1428,13246,2777,17453,23043,4551,5.42,7.19,7.87,2.37,9530,37.14,60.06
142,5,1825,17247,3275,22349,18880,2163,6.51,5.7,7.32,3.2,11014,144.18,4.41
142,3,2151,16149,2927,21229,19203,2268,6.6,6.63,7.81,2.92,10757,125.6,4.43
142,2,1477,14822,2959,19261,18154,1845,4.94,7.08,9.74,2.12,9498,36.36,2.51
143,4,1269,20864,1035,23170,17965,1533,4.27,6.15,7.13,1.84,10689,150.55,9.42
143,1,1001,19372,1270,21645,21142,4382,4.77,6.71,9.4,2.05,11229,48.16,111.32
143,5,1058,22298,1169,24527,18219,1625,4.89,6.13,8.57,2.19,10861,149.99,8.34
143,3,1003,20745,937,22687,17267,1718,4.77,6.44,9.0,2.06,10379,120.74,7.86
143,2,934,19447,1032,21414,16747,1548,3.77,6.88,11.19,1.55,9676,48.48,5.39
