key,role,period,wins,matches
266,4,0-15,128167,89987
266,4,15-20,159902,250578
266,4,20-25,132793,324245
266,4,30-35,49190,273127
266,4,35-40,65656,135266
266,4,40+,6736,60344
266,1,0-15,401,2749
266,1,15-20,1381,3464
266,1,20-25,455,782
266,1,30-35,1139,3067
266,1,35-40,1504,1071
266,1,40+,719,1511
266,5,0-15,6961,12762
266,5,15-20,391,629
266,5,20-25,8301,15915
266,5,30-35,2903,4850
266,5,35-40,6432,12662
266,5,40+,1222,2510
266,3,0-15,153,427
266,3,15-20,201,398
266,3,20-25,186,449
266,3,30-35,141,140
266,3,35-40,44,21
266,3,40+,53,249
266,2,0-15,620,1465
266,2,15-20,516,1233
266,2,20-25,522,1296
266,2,30-35,176,456
266,2,35-40,283,255
266,2,40+,129,577
103,4,0-15,635,1840
103,4,15-20,185,1363
103,4,20-25,905,436
103,4,30-35,774,76
103,4,35-40,432,1638
103,4,40+,223,908
103,1,0-15,21,60
103,1,15-20,23,40
103,1,20-25,11,61
103,1,30-35,2,63
103,1,35-40,14,28
103,1,40+,10,5
103,5,0-15,100939,204798
103,5,15-20,49102,50740
103,5,20-25,70788,145471
103,5,30-35,22229,100600
103,5,35-40,91611,186911
103,5,40+,24713,47568
103,3,0-15,292,783
103,3,15-20,466,1076
103,3,20-25,481,1010
103,3,30-35,278,602
103,3,35-40,22,59
103,3,40+,145,298
103,2,0-15,579,1295
103,2,15-20,1256,2624
103,2,20-25,1778,3795
103,2,30-35,2406,198
103,2,35-40,2153,5257
103,2,40+,74,4621
84,4,0-15,31121,36123
84,4,15-20,33382,51974
84,4,20-25,9195,65602
84,4,30-35,24677,71352
84,4,35-40,17194,18444
84,4,40+,8822,2644
84,1,0-15,24,62
84,1,15-20,44,139
84,1,20-25,16,70
84,1,30-35,28,121
84,1,35-40,20,16
84,1,40+,9,128
84,5,0-15,84149,171190
84,5,15-20,115488,239410
84,5,20-25,110645,224660
84,5,30-35,28553,124896
84,5,35-40,61415,56181
84,5,40+,4089,7985
84,3,0-15,82,181
84,3,15-20,180,487
84,3,20-25,187,172
84,3,30-35,122,477
84,3,35-40,42,359
84,3,40+,109,290
84,2,0-15,234,67
84,2,15-20,221,615
84,2,20-25,145,220
84,2,30-35,150,342
84,2,35-40,11,480
84,2,40+,50,215
166,4,0-15,7260,19844
166,4,15-20,2403,14025
166,4,20-25,9997,4621
166,4,30-35,8408,17339
166,4,35-40,4428,4269
166,4,40+,332,8974
166,1,0-15,126,382
166,1,15-20,167,157
166,1,20-25,52,493
166,1,30-35,147,448
166,1,35-40,95,141
166,1,40+,62,232
166,5,0-15,35784,71405
166,5,15-20,8978,16190
166,5,20-25,30693,62639
166,5,30-35,15852,32395
166,5,35-40,26635,50827
166,5,40+,7606,15329
166,3,0-15,2745,3902
166,3,15-20,2677,5767
166,3,20-25,1786,5696
166,3,30-35,1005,1125
166,3,35-40,524,2000
166,3,40+,1652,3446
166,2,0-15,258,847
166,2,15-20,337,607
166,2,20-25,286,683
166,2,30-35,88,211
166,2,35-40,18,45
166,2,40+,94,177
12,4,0-15,610,1253
12,4,15-20,631,331
12,4,20-25,350,1442
12,4,30-35,394,1013
12,4,35-40,112,690
12,4,40+,22,297
12,1,0-15,93,189
12,1,15-20,79,248
12,1,20-25,30,82
12,1,30-35,57,210
12,1,35-40,15,69
12,1,40+,2,129
12,5,0-15,194,420
12,5,15-20,185,359
12,5,20-25,109,386
12,5,30-35,131,143
12,5,35-40,32,29
12,5,40+,7,200
12,3,0-15,53,56
12,3,15-20,49,151
12,3,20-25,32,143
12,3,30-35,28,89
12,3,35-40,10,133
12,3,40+,18,79
12,2,0-15,42636,86768
12,2,15-20,31424,66081
12,2,20-25,35975,70930
12,2,30-35,7083,14077
12,2,35-40,10362,22402
12,2,40+,1323,2797
32,4,0-15,1155,2487
32,4,15-20,683,1784
32,4,20-25,31,2151
32,4,30-35,228,608
32,4,35-40,1115,127
32,4,40+,532,1047
32,1,0-15,46460,89174
32,1,15-20,39020,72960
32,1,20-25,71546,134973
32,1,30-35,13736,26807
32,1,35-40,70227,130908
32,1,40+,19627,37858
32,5,0-15,123,370
32,5,15-20,206,413
32,5,20-25,183,494
32,5,30-35,120,173
32,5,35-40,42,42
32,5,40+,46,245
32,3,0-15,151,365
32,3,15-20,75,330
32,3,20-25,5,137
32,3,30-35,122,204
32,3,35-40,68,161
32,3,40+,22,306
32,2,0-15,25807,138897
32,2,15-20,96187,49190
32,2,20-25,71984,183034
32,2,30-35,80625,150955
32,2,35-40,37755,6200
32,2,40+,3357,71435
34,4,0-15,1120,2219
34,4,15-20,1473,3005
34,4,20-25,400,2603
34,4,30-35,362,803
34,4,35-40,1272,774
34,4,40+,723,1443
34,1,0-15,24,116
34,1,15-20,27,96
34,1,20-25,20,55
34,1,30-35,9,100
34,1,35-40,11,97
34,1,40+,12,20
34,5,0-15,33301,63363
34,5,15-20,23912,57900
34,5,20-25,29202,44302
34,5,30-35,1125,2163
34,5,35-40,14978,30564
34,5,40+,8046,14656
34,3,0-15,395,1182
34,3,15-20,539,917
34,3,20-25,499,676
34,3,30-35,118,350
34,3,35-40,319,1122
34,3,40+,170,404
34,2,0-15,2662,5753
34,2,15-20,5192,10496
34,2,20-25,4996,11003
34,2,30-35,4003,3053
34,2,35-40,1506,8332
34,2,40+,201,3195
1,4,0-15,153,1408
1,4,15-20,665,1486
1,4,20-25,457,331
1,4,30-35,744,981
1,4,35-40,457,854
1,4,40+,214,449
1,1,0-15,37,11
1,1,15-20,17,76
1,1,20-25,14,57
1,1,30-35,11,33
1,1,35-40,24,79
1,1,40+,4,33
1,5,0-15,15601,33115
1,5,15-20,4275,10010
1,5,20-25,13649,48726
1,5,30-35,24822,25746
1,5,35-40,24864,47053
1,5,40+,7289,13808
1,3,0-15,359,861
1,3,15-20,250,612
1,3,20-25,165,220
1,3,30-35,255,536
1,3,35-40,420,314
1,3,40+,79,865
1,2,0-15,2973,6283
1,2,15-20,612,4559
1,2,20-25,2796,1529
1,2,30-35,2025,5728
1,2,35-40,1593,3217
1,2,40+,90,243
523,4,0-15,360,809
523,4,15-20,102,967
523,4,20-25,433,206
523,4,30-35,326,715
523,4,35-40,122,272
523,4,40+,191,370
523,1,0-15,7,21
523,1,15-20,9,33
523,1,20-25,10,20
523,1,30-35,4,31
523,1,35-40,3,11
523,5,0-15,494,1051
523,5,15-20,390,886
523,5,20-25,496,1139
523,5,30-35,122,307
523,5,35-40,17,510
523,5,40+,237,41
523,3,0-15,19242,38956
523,3,15-20,28728,65357
523,3,20-25,40573,88947
523,3,30-35,36264,22234
523,3,35-40,9519,76573
523,3,40+,9519,18649
523,2,0-15,75,89
523,2,15-20,50,197
523,2,20-25,33,166
523,2,30-35,66,253
523,2,35-40,61,217
523,2,40+,15,66
22,4,0-15,3168,5053
22,4,15-20,2306,6551
22,4,20-25,2808,5991
22,4,30-35,764,1840
22,4,35-40,792,1634
22,4,40+,1595,313
22,1,0-15,75,129
22,1,15-20,39,209
22,1,20-25,71,32
22,1,30-35,20,211
22,1,35-40,34,106
22,1,40+,39,201
22,5,0-15,2434,5099
22,5,15-20,1367,2790
22,5,20-25,1601,3669
22,5,30-35,2260,4686
22,5,35-40,735,1209
22,5,40+,486,233
22,3,0-15,73737,148959
22,3,15-20,97947,211976
22,3,20-25,106256,108667
22,3,30-35,53706,47939
22,3,35-40,23715,196780
22,3,40+,27817,56281
22,2,0-15,20823,44314
22,2,15-20,92824,181296
22,2,20-25,64905,166734
22,2,30-35,83468,127965
22,2,35-40,2821,6228
22,2,40+,43504,88444
136,4,0-15,177,597
136,4,15-20,158,393
136,4,20-25,321,328
136,4,30-35,274,202
136,4,35-40,49,609
136,4,40+,101,117
136,1,0-15,26,59
136,1,15-20,21,5
136,1,20-25,8,24
136,1,30-35,13,84
136,1,35-40,10,49
136,1,40+,6,23
136,5,0-15,5099,10151
136,5,15-20,5554,11226
136,5,20-25,1062,2281
136,5,30-35,3618,7449
136,5,35-40,2820,5548
136,5,40+,1384,2844
136,3,0-15,62,136
136,3,15-20,63,102
136,3,20-25,31,80
136,3,30-35,35,11
136,3,35-40,15,146
136,3,40+,7,40
136,2,0-15,209,494
136,2,15-20,185,448
136,2,20-25,141,25
136,2,30-35,32,295
136,2,35-40,124,336
136,2,40+,80,97
268,4,0-15,1612,3582
268,4,15-20,458,1022
268,4,20-25,1885,4040
268,4,30-35,1307,2732
268,4,35-40,61,133
268,4,40+,415,879
268,1,0-15,15,39
268,1,15-20,9,38
268,1,20-25,6,18
268,1,30-35,4,6
268,1,35-40,3,33
268,5,0-15,34254,66251
268,5,15-20,23075,76600
268,5,20-25,7321,53262
268,5,30-35,30454,17596
268,5,35-40,16191,33811
268,5,40+,7739,15777
268,3,0-15,259,658
268,3,15-20,247,162
268,3,20-25,40,576
268,3,30-35,166,187
268,3,35-40,162,488
268,3,40+,95,31
268,2,0-15,786,1722
268,2,15-20,379,856
268,2,20-25,599,1976
268,2,30-35,830,1600
268,2,35-40,210,591
268,2,40+,222,429
432,4,0-15,140,137
432,4,15-20,203,412
432,4,20-25,37,471
432,4,30-35,219,525
432,4,35-40,67,128
432,4,40+,102,246
432,1,0-15,49,167
432,1,15-20,23,147
432,1,20-25,51,67
432,1,30-35,32,10
432,1,35-40,7,91
432,1,40+,12,143
432,5,0-15,150,420
432,5,15-20,149,292
432,5,20-25,93,116
432,5,30-35,77,197
432,5,35-40,57,325
432,5,40+,3,118
432,3,0-15,32,193
432,3,15-20,38,209
432,3,20-25,67,55
432,3,30-35,8,93
432,3,35-40,59,178
432,3,40+,26,76
432,2,0-15,21306,42862
432,2,15-20,27486,54960
432,2,20-25,31152,62439
432,2,30-35,14149,28236
432,2,35-40,6255,12929
432,2,40+,947,1947
200,4,0-15,376,752
200,4,15-20,1133,2387
200,4,20-25,1331,2915
200,4,30-35,606,1259
200,4,35-40,1110,102
200,4,40+,45,2442
200,1,0-15,24279,40700
200,1,15-20,87784,170333
200,1,20-25,2822,5001
200,1,30-35,74111,137642
200,1,35-40,67281,131981
200,1,40+,32621,66849
200,5,0-15,270,476
200,5,15-20,702,1362
200,5,20-25,742,1496
200,5,30-35,575,1180
200,5,35-40,46,582
200,5,40+,131,73
200,3,0-15,27,237
200,3,15-20,103,192
200,3,20-25,107,63
200,3,30-35,75,95
200,3,35-40,5,206
200,3,40+,25,12
200,2,0-15,183,457
200,2,15-20,98,226
200,2,20-25,231,545
200,2,30-35,76,172
200,2,35-40,200,452
200,2,40+,55,26
53,4,0-15,128,425
53,4,15-20,194,490
53,4,20-25,152,455
53,4,30-35,64,31
53,4,35-40,107,135
53,4,40+,32,239
53,1,0-15,103,351
53,1,15-20,99,286
53,1,20-25,70,273
53,1,30-35,76,33
53,1,35-40,48,136
53,1,40+,27,182
53,5,0-15,250,737
53,5,15-20,299,713
53,5,20-25,150,580
53,5,30-35,63,258
53,5,35-40,13,397
53,5,40+,93,55
53,3,0-15,98,384
53,3,15-20,59,144
53,3,20-25,143,360
53,3,30-35,77,248
53,3,35-40,66,200
53,3,40+,29,129
53,2,0-15,106499,214766
53,2,15-20,93391,156804
53,2,20-25,78788,188582
53,2,30-35,27594,97137
53,2,35-40,48418,52047
53,2,40+,21764,7226
63,4,0-15,1362,2809
63,4,15-20,1448,2076
63,4,20-25,356,2931
63,4,30-35,1042,1636
63,4,35-40,49,716
63,4,40+,524,105
63,1,0-15,83,960
63,1,15-20,377,43
63,1,20-25,420,959
63,1,30-35,273,694
63,1,35-40,155,249
63,1,40+,270,361
63,5,0-15,12623,24086
63,5,15-20,3551,7252
63,5,20-25,6370,12723
63,5,30-35,11230,21907
63,5,35-40,19427,36641
63,5,40+,19256,36930
63,3,0-15,2417,4775
63,3,15-20,1586,1790
63,3,20-25,463,4811
63,3,30-35,2436,2959
63,3,35-40,1476,1237
63,3,40+,843,3332
63,2,0-15,15769,158488
63,2,15-20,81299,56211
63,2,20-25,55038,99692
63,2,30-35,83526,29570
63,2,35-40,47629,95638
63,2,40+,2501,154839
201,4,0-15,193,159
201,4,15-20,260,378
201,4,20-25,235,481
201,4,30-35,137,624
201,4,35-40,104,683
201,4,40+,46,218
201,1,0-15,20,127
201,1,15-20,33,58
201,1,20-25,29,102
201,1,30-35,43,34
201,1,35-40,20,103
201,1,40+,4,30
201,5,0-15,26,62
201,5,15-20,19,84
201,5,20-25,3,4
201,5,30-35,21,24
201,5,35-40,10,55
201,5,40+,2,45
201,3,0-15,24,104
201,3,15-20,15,88
201,3,20-25,34,66
201,3,30-35,20,102
201,3,35-40,16,42
201,3,40+,2,25
201,2,0-15,25192,53042
201,2,15-20,16028,36628
201,2,20-25,4756,11112
201,2,30-35,12759,46455
201,2,35-40,5524,24049
201,2,40+,23804,10625
51,4,0-15,1696,1318
51,4,15-20,2153,4787
51,4,20-25,1978,3675
51,4,30-35,1142,2473
51,4,35-40,614,4404
51,4,40+,671,186
51,1,0-15,37,147
51,1,15-20,21,68
51,1,20-25,52,149
51,1,30-35,40,82
51,1,35-40,22,124
51,1,40+,14,15
51,5,0-15,2119,8133
51,5,15-20,3948,4550
51,5,20-25,2985,8828
51,5,30-35,3676,2175
51,5,35-40,999,6585
51,5,40+,1214,331
51,3,0-15,255717,521498
51,3,15-20,127774,263008
51,3,20-25,186034,481909
51,3,30-35,233305,366135
51,3,35-40,61548,118174
51,3,40+,67293,17285
51,2,0-15,772,381
51,2,15-20,41,873
51,2,20-25,328,1980
51,2,30-35,541,1809
51,2,35-40,742,2215
51,2,40+,168,712
164,4,0-15,43926,122595
164,4,15-20,51666,88959
164,4,20-25,25200,104207
164,4,30-35,60529,51016
164,4,35-40,14465,29948
164,4,40+,10814,3962
164,1,0-15,585,1092
164,1,15-20,592,1313
164,1,20-25,395,1474
164,1,30-35,140,321
164,1,35-40,19,429
164,1,40+,299,679
164,5,0-15,479,951
164,5,15-20,1409,2673
164,5,20-25,719,1385
164,5,30-35,320,124
164,5,35-40,1796,2846
164,5,40+,1463,638
164,3,0-15,49,68
164,3,15-20,77,155
164,3,20-25,57,176
164,3,30-35,100,100
164,3,35-40,23,190
164,3,40+,3,48
164,2,0-15,770,1641
164,2,15-20,612,1311
164,2,20-25,608,1320
164,2,30-35,210,450
164,2,35-40,286,621
164,2,40+,158,317
69,4,0-15,4315,8670
69,4,15-20,4972,9589
69,4,20-25,179,7202
69,4,30-35,3681,358
69,4,35-40,1397,2676
69,4,40+,2320,4617
69,1,0-15,22,54
69,1,15-20,17,59
69,1,20-25,19,31
69,1,30-35,18,38
69,1,35-40,32,94
69,1,40+,6,29
69,5,0-15,32265,2092
69,5,15-20,29481,63311
69,5,20-25,22224,57190
69,5,30-35,7054,30338
69,5,35-40,15659,14489
69,5,40+,7748,44781
69,3,0-15,2065,4200
69,3,15-20,1616,3098
69,3,20-25,988,1967
69,3,30-35,635,3555
69,3,35-40,1761,1154
69,3,40+,83,156
69,2,0-15,63,149
69,2,15-20,364,737
69,2,20-25,185,39
69,2,30-35,362,473
69,2,35-40,187,746
69,2,40+,124,418
31,4,0-15,25498,49931
31,4,15-20,15803,51299
31,4,20-25,25138,28366
31,4,30-35,4157,32946
31,4,35-40,14813,9347
31,4,40+,684,1478
31,1,0-15,1285,3240
31,1,15-20,1450,2986
31,1,20-25,2040,4985
31,1,30-35,381,4801
31,1,35-40,904,997
31,1,40+,2296,1722
31,5,0-15,3000,10825
31,5,15-20,1265,2458
31,5,20-25,5733,5844
31,5,30-35,3857,11507
31,5,35-40,5355,7802
31,5,40+,1444,2789
31,3,0-15,359,830
31,3,15-20,289,646
31,3,20-25,90,209
31,3,30-35,365,768
31,3,35-40,132,435
31,3,40+,23,282
31,2,0-15,1819,3979
31,2,15-20,651,1267
31,2,20-25,1131,2688
31,2,30-35,362,3754
31,2,35-40,1695,821
31,2,40+,1028,2137
42,4,0-15,327,643
42,4,15-20,579,1241
42,4,20-25,539,768
42,4,30-35,103,1157
42,4,35-40,333,259
42,4,40+,24,58
42,1,0-15,12,60
42,1,15-20,12,55
42,1,20-25,17,56
42,1,30-35,12,15
42,1,35-40,2,4
42,1,40+,1,28
42,5,0-15,8328,31126
42,5,15-20,15333,21530
42,5,20-25,15412,16731
42,5,30-35,9591,6414
42,5,35-40,2485,33129
42,5,40+,4210,8684
42,3,0-15,648,1427
42,3,15-20,255,515
42,3,20-25,679,1076
42,3,30-35,393,835
42,3,35-40,425,1551
42,3,40+,111,332
42,2,0-15,44,168
42,2,15-20,55,150
42,2,20-25,34,84
42,2,30-35,53,136
42,2,35-40,32,58
42,2,40+,11,68
122,4,0-15,144193,266061
122,4,15-20,130381,294027
122,4,20-25,33330,209294
122,4,30-35,104757,67937
122,4,35-40,68416,139377
122,4,40+,35028,67594
122,1,0-15,3020,6401
122,1,15-20,3848,8288
122,1,20-25,1201,2470
122,1,30-35,977,4615
122,1,35-40,4076,2022
122,1,40+,184,8830
122,5,0-15,2033,4055
122,5,15-20,1260,2529
122,5,20-25,779,1417
122,5,30-35,2768,5550
122,5,35-40,107,190
122,5,40+,2387,4851
122,3,0-15,202,371
122,3,15-20,297,506
122,3,20-25,334,701
122,3,30-35,69,693
122,3,35-40,81,176
122,3,40+,159,31
122,2,0-15,420,261
122,2,15-20,391,1000
122,2,20-25,23,895
122,2,30-35,298,62
122,2,35-40,234,801
122,2,40+,81,494
131,4,0-15,905,644
131,4,15-20,1277,2002
131,4,20-25,287,2708
131,4,30-35,628,2363
131,4,35-40,1110,1337
131,4,40+,345,672
131,1,0-15,104377,209849
131,1,15-20,129454,54676
131,1,20-25,94691,248898
131,1,30-35,28638,177760
131,1,35-40,23018,48026
131,1,40+,50371,104336
131,5,0-15,31357,42203
131,5,15-20,22946,59499
131,5,20-25,13601,52709
131,5,30-35,7301,13097
131,5,35-40,26405,27473
131,5,40+,6410,13348
131,3,0-15,135,286
131,3,15-20,127,215
131,3,20-25,25,251
131,3,30-35,90,75
131,3,35-40,92,181
131,3,40+,37,93
131,2,0-15,181,579
131,2,15-20,207,297
131,2,20-25,234,412
131,2,30-35,55,138
131,2,35-40,77,509
131,2,40+,144,142
119,4,0-15,1734,4088
119,4,15-20,2175,3782
119,4,20-25,1955,4643
119,4,30-35,882,1858
119,4,35-40,843,1655
119,4,40+,132,257
119,1,0-15,13,185
119,1,15-20,59,168
119,1,20-25,72,83
119,1,30-35,19,41
119,1,35-40,61,215
119,1,40+,40,26
119,5,0-15,1795,4303
119,5,15-20,1593,3600
119,5,20-25,732,3501
119,5,30-35,2060,1292
119,5,35-40,114,210
119,5,40+,789,1765
119,3,0-15,82316,169813
119,3,15-20,23473,144199
119,3,20-25,63215,44029
119,3,30-35,69428,127404
119,3,35-40,34934,72784
119,3,40+,3347,34059
119,2,0-15,68,259
119,2,15-20,144,423
119,2,20-25,119,396
119,2,30-35,89,395
119,2,35-40,30,144
119,2,40+,57,208
36,4,0-15,42340,79432
36,4,15-20,8901,39434
36,4,20-25,37484,17146
36,4,30-35,30238,72964
36,4,35-40,19428,56046
36,4,40+,9968,20407
36,1,0-15,3140,6367
36,1,15-20,4503,7916
36,1,20-25,944,8849
36,1,30-35,2239,2025
36,1,35-40,3978,4450
36,1,40+,1169,2281
36,5,0-15,1079,2718
36,5,15-20,305,2088
36,5,20-25,1435,640
36,5,30-35,1179,2309
36,5,35-40,621,1285
36,5,40+,267,92
36,3,0-15,809,1589
36,3,15-20,144,313
36,3,20-25,475,989
36,3,30-35,651,747
36,3,35-40,350,1319
36,3,40+,170,362
36,2,0-15,228,1468
36,2,15-20,637,510
36,2,20-25,445,923
36,2,30-35,834,1922
36,2,35-40,908,1766
36,2,40+,245,78
245,4,0-15,1260,2952
245,4,15-20,1318,2005
245,4,20-25,866,2748
245,4,30-35,767,621
245,4,35-40,265,1607
245,4,40+,37,96
245,1,0-15,56122,116610
245,1,15-20,46959,89809
245,1,20-25,64067,127390
245,1,30-35,15239,29075
245,1,35-40,29741,62602
245,1,40+,14869,31163
245,5,0-15,24778,50183
245,5,15-20,37253,75232
245,5,20-25,7634,37261
245,5,30-35,18578,68694
245,5,35-40,34228,15462
245,5,40+,9554,2370
245,3,0-15,30,92
245,3,15-20,56,362
245,3,20-25,128,135
245,3,30-35,154,354
245,3,35-40,180,293
245,3,40+,107,227
245,2,0-15,128,1191
245,2,15-20,525,298
245,2,20-25,375,654
245,2,30-35,512,834
245,2,35-40,25,1098
245,2,40+,301,52
60,4,0-15,104,643
60,4,15-20,185,839
60,4,20-25,306,792
60,4,30-35,357,231
60,4,35-40,356,392
60,4,40+,93,209
60,1,0-15,36900,73227
60,1,15-20,13502,22520
60,1,20-25,31417,61998
60,1,30-35,29373,57660
60,1,35-40,14154,13735
60,1,40+,6372,30803
60,5,0-15,463,937
60,5,15-20,114,211
60,5,20-25,387,708
60,5,30-35,476,32
60,5,35-40,249,932
60,5,40+,108,496
60,3,0-15,25,21
60,3,15-20,31,58
60,3,20-25,41,69
60,3,30-35,20,30
60,3,35-40,16,91
60,3,40+,9,39
60,2,0-15,716,1445
60,2,15-20,579,1016
60,2,20-25,576,1211
60,2,30-35,209,355
60,2,35-40,274,579
60,2,40+,112,69
28,4,0-15,266,687
28,4,15-20,225,252
28,4,20-25,283,592
28,4,30-35,66,596
28,4,35-40,96,134
28,4,40+,141,305
28,1,0-15,24281,49072
28,1,15-20,33295,67970
28,1,20-25,9970,19555
28,1,30-35,34024,71818
28,1,35-40,8274,15823
28,1,40+,18906,37578
28,5,0-15,190,94
28,5,15-20,102,414
28,5,20-25,140,393
28,5,30-35,194,184
28,5,35-40,42,318
28,5,40+,56,126
28,3,0-15,15,42
28,3,15-20,10,33
28,3,20-25,13,36
28,3,30-35,8,18
28,3,35-40,3,20
28,3,40+,7,3
28,2,0-15,97,105
28,2,15-20,166,256
28,2,20-25,145,367
28,2,30-35,100,89
28,2,35-40,50,190
28,2,40+,35,347
81,4,0-15,1561,932
81,4,15-20,1446,3592
81,4,20-25,356,2780
81,4,30-35,865,3283
81,4,35-40,1160,1886
81,4,40+,42,140
81,1,0-15,139,649
81,1,15-20,223,703
81,1,20-25,242,366
81,1,30-35,169,643
81,1,35-40,12,52
81,1,40+,64,215
81,5,0-15,8666,14076
81,5,15-20,6097,19351
81,5,20-25,4540,9827
81,5,30-35,8175,17890
81,5,35-40,1916,4474
81,5,40+,2499,5272
81,3,0-15,253143,512196
81,3,15-20,224381,376990
81,3,20-25,183560,459055
81,3,30-35,8622,127613
81,3,35-40,118486,17603
81,3,40+,60321,245433
81,2,0-15,350,3076
81,2,15-20,1282,1383
81,2,20-25,957,3151
81,2,30-35,1307,3560
81,2,35-40,761,486
81,2,40+,425,1729
9,4,0-15,1424,2154
9,4,15-20,1063,704
9,4,20-25,1352,2927
9,4,30-35,36,2703
9,4,35-40,340,95
9,4,40+,813,1531
9,1,0-15,40979,78603
9,1,15-20,60488,118937
9,1,20-25,58560,115584
9,1,30-35,13164,24760
9,1,35-40,1982,3939
9,1,40+,33024,34361
9,5,0-15,1112,2174
9,5,15-20,863,3037
9,5,20-25,1609,1501
9,5,30-35,423,779
9,5,35-40,362,712
9,5,40+,1428,2705
9,3,0-15,74,33
9,3,15-20,44,171
9,3,20-25,43,96
9,3,30-35,13,142
9,3,35-40,83,57
9,3,40+,31,164
9,2,0-15,7271,11313
9,2,15-20,2043,13984
9,2,20-25,5849,15295
9,2,30-35,7957,3763
9,2,35-40,3768,7237
9,2,40+,280,518
114,4,0-15,79640,161288
114,4,15-20,71009,116381
114,4,20-25,2951,141145
114,4,30-35,55785,5942
114,4,35-40,36858,71967
114,4,40+,19134,39973
114,1,0-15,102,111
114,1,15-20,96,221
114,1,20-25,70,280
114,1,30-35,34,218
114,1,35-40,69,67
114,1,40+,23,143
114,5,0-15,1638,3186
114,5,15-20,1908,2755
114,5,20-25,498,3791
114,5,30-35,1366,993
114,5,35-40,932,161
114,5,40+,425,1728
114,3,0-15,81,161
114,3,15-20,22,207
114,3,20-25,79,65
114,3,30-35,57,53
114,3,35-40,28,177
114,3,40+,65,7
114,2,0-15,21,217
114,2,15-20,69,79
114,2,20-25,89,161
114,2,30-35,71,170
114,2,35-40,43,97
114,2,40+,5,17
105,4,0-15,206,516
105,4,15-20,932,2035
105,4,20-25,908,1481
105,4,30-35,615,1856
105,4,35-40,504,564
105,4,40+,22,1102
105,1,0-15,126,467
105,1,15-20,225,672
105,1,20-25,291,26
105,1,30-35,126,136
105,1,35-40,33,733
105,1,40+,162,391
105,5,0-15,50575,101925
105,5,15-20,49472,28100
105,5,20-25,27920,21162
105,5,30-35,33192,68650
105,5,35-40,10491,96950
105,5,40+,14580,53896
105,3,0-15,220,368
105,3,15-20,156,506
105,3,20-25,218,451
105,3,30-35,42,139
105,3,35-40,142,20
105,3,40+,65,305
105,2,0-15,333,740
105,2,15-20,14,42
105,2,20-25,411,867
105,2,30-35,276,923
105,2,35-40,101,239
105,2,40+,400,547
3,4,0-15,1377,2855
3,4,15-20,1235,2488
3,4,20-25,908,2109
3,4,30-35,692,721
3,4,35-40,301,1379
3,4,40+,38,661
3,1,0-15,77,94
3,1,15-20,89,244
3,1,20-25,136,18
3,1,30-35,54,201
3,1,35-40,115,333
3,1,40+,22,346
3,5,0-15,26830,39433
3,5,15-20,19270,53410
3,5,20-25,11741,44927
3,5,30-35,6412,22790
3,5,35-40,5395,13153
3,5,40+,23057,10632
3,3,0-15,65,201
3,3,15-20,97,235
3,3,20-25,85,77
3,3,30-35,32,211
3,3,35-40,49,61
3,3,40+,21,29
3,2,0-15,5047,11108
3,2,15-20,7629,15729
3,2,20-25,1625,3627
3,2,30-35,7109,7752
3,2,35-40,3868,14145
3,2,40+,243,503
41,4,0-15,62981,131252
41,4,15-20,58677,87377
41,4,20-25,42336,122465
41,4,30-35,16551,35071
41,4,35-40,32463,67253
41,4,40+,2017,27639
41,1,0-15,83,207
41,1,15-20,58,213
41,1,20-25,53,30
41,1,30-35,40,77
41,1,35-40,32,183
41,1,40+,13,136
41,5,0-15,12203,25999
41,5,15-20,20461,42761
41,5,20-25,5958,12412
41,5,30-35,20370,41506
41,5,35-40,11762,7266
41,5,40+,3485,23570
41,3,0-15,162,28
41,3,15-20,99,430
41,3,20-25,108,464
41,3,30-35,194,105
41,3,35-40,132,332
41,3,40+,10,195
41,2,0-15,111,253
41,2,15-20,157,381
41,2,20-25,175,450
41,2,30-35,93,503
41,2,35-40,7,125
41,2,40+,77,27
86,4,0-15,108766,207554
86,4,15-20,53702,106642
86,4,20-25,74528,142566
86,4,30-35,22151,43765
86,4,35-40,99398,192548
86,4,40+,28374,56893
86,1,0-15,3243,7793
86,1,15-20,2254,2053
86,1,20-25,702,5808
86,1,30-35,1310,7992
86,1,35-40,3599,360
86,1,40+,2357,4843
86,5,0-15,6533,7444
86,5,15-20,7661,12154
86,5,20-25,2020,14446
86,5,30-35,9151,3976
86,5,35-40,3900,16707
86,5,40+,245,545
86,3,0-15,369,784
86,3,15-20,229,666
86,3,20-25,336,780
86,3,30-35,71,260
86,3,35-40,191,404
86,3,40+,116,43
86,2,0-15,258,283
86,2,15-20,178,731
86,2,20-25,190,650
86,2,30-35,106,690
86,2,35-40,286,67
86,2,40+,52,400
150,4,0-15,41663,75288
150,4,15-20,29514,19805
150,4,20-25,9073,86431
150,4,30-35,8757,39441
150,4,35-40,18509,61437
150,4,40+,35426,18523
150,1,0-15,65,166
150,1,15-20,65,73
150,1,20-25,39,180
150,1,30-35,53,204
150,1,35-40,24,93
150,1,40+,13,24
150,5,0-15,533,1076
150,5,15-20,728,1529
150,5,20-25,633,1304
150,5,30-35,176,679
150,5,35-40,10,382
150,5,40+,309,38
150,3,0-15,83,284
150,3,15-20,136,20
150,3,20-25,102,382
150,3,30-35,30,236
150,3,35-40,163,109
150,3,40+,59,383
150,2,0-15,130,328
150,2,15-20,80,89
150,2,20-25,108,239
150,2,30-35,36,263
150,2,35-40,76,161
150,2,40+,27,95
79,4,0-15,18354,44072
79,4,15-20,20834,38597
79,4,20-25,14899,31487
79,4,30-35,5024,10446
79,4,35-40,9246,19444
79,4,40+,4228,1279
79,1,0-15,11289,23231
79,1,15-20,2905,5563
79,1,20-25,8064,16235
79,1,30-35,10220,21632
79,1,35-40,5532,11696
79,1,40+,386,791
79,5,0-15,9910,19885
79,5,15-20,6983,13585
79,5,20-25,4492,17994
79,5,30-35,2158,4235
79,5,35-40,9019,9242
79,5,40+,321,623
79,3,0-15,62,278
79,3,15-20,115,185
79,3,20-25,113,262
79,3,30-35,26,90
79,3,35-40,72,162
79,3,40+,5,92
79,2,0-15,1021,2172
79,2,15-20,3014,8952
79,2,20-25,4130,6481
79,2,30-35,1837,7729
79,2,35-40,170,3915
79,2,40+,3712,310
104,4,0-15,3363,3598
104,4,15-20,6647,15441
104,4,20-25,7704,7092
104,4,30-35,1766,13876
104,4,35-40,5379,10976
104,4,40+,1668,3549
104,1,0-15,75090,154293
104,1,15-20,100014,168593
104,1,20-25,83526,202113
104,1,30-35,26094,55639
104,1,35-40,41085,37461
104,1,40+,18869,82219
104,5,0-15,4360,1971
104,5,15-20,3248,6182
104,5,20-25,3877,7665
104,5,30-35,994,8446
104,5,35-40,143,309
104,5,40+,1848,3763
104,3,0-15,587,911
104,3,15-20,377,1199
104,3,20-25,539,1232
104,3,30-35,10,633
104,3,35-40,120,35
104,3,40+,159,322
104,2,0-15,101,277
104,2,15-20,120,360
104,2,20-25,142,304
104,2,30-35,84,27
104,2,35-40,44,142
104,2,40+,58,170
887,4,0-15,26315,53960
887,4,15-20,18853,43658
887,4,20-25,883,1992
887,4,30-35,5579,60924
887,4,35-40,28136,13958
887,4,40+,13901,27487
887,1,0-15,1915,3097
887,1,15-20,328,4297
887,1,20-25,1881,984
887,1,30-35,1128,3876
887,1,35-40,980,1958
887,1,40+,433,868
887,5,0-15,1336,2090
887,5,15-20,1229,1336
887,5,20-25,888,2877
887,5,30-35,260,635
887,5,35-40,360,2541
887,5,40+,697,673
887,3,0-15,39,71
887,3,15-20,62,130
887,3,20-25,44,124
887,3,30-35,57,121
887,3,35-40,16,39
887,3,40+,3,34
887,2,0-15,10,76
887,2,15-20,33,84
887,2,20-25,41,32
887,2,30-35,24,114
887,2,35-40,24,44
887,2,40+,12,7
120,4,0-15,2131,2192
120,4,15-20,3081,6020
120,4,20-25,681,7263
120,4,30-35,102,2672
120,4,35-40,1329,5885
120,4,40+,2762,338
120,1,0-15,70272,141679
120,1,15-20,127592,259948
120,1,20-25,41026,294776
120,1,30-35,147706,83719
120,1,35-40,177830,356831
120,1,40+,29546,60927
120,5,0-15,174,334
120,5,15-20,87,354
120,5,20-25,159,158
120,5,30-35,109,404
120,5,35-40,31,109
120,5,40+,6,38
120,3,0-15,9,51
120,3,15-20,11,47
120,3,20-25,20,10
120,3,30-35,3,16
120,3,35-40,11,22
120,3,40+,16,19
120,2,0-15,37,33
120,2,15-20,53,77
120,2,20-25,45,166
120,2,30-35,33,118
120,2,35-40,20,180
120,2,40+,3,79
74,4,0-15,13938,20881
74,4,15-20,3782,6991
74,4,20-25,11217,27697
74,4,30-35,15113,28983
74,4,35-40,4679,9377
74,4,40+,7777,15765
74,1,0-15,137,444
74,1,15-20,153,507
74,1,20-25,212,481
74,1,30-35,122,143
74,1,35-40,80,184
74,1,40+,39,302
74,5,0-15,29727,30420
74,5,15-20,19859,52313
74,5,20-25,27709,53844
74,5,30-35,5778,35645
74,5,35-40,9381,10589
74,5,40+,15566,18024
74,3,0-15,3910,7185
74,3,15-20,888,5094
74,3,20-25,2834,1676
74,3,30-35,2011,6966
74,3,35-40,3666,4005
74,3,40+,1279,239
74,2,0-15,8902,15979
74,2,15-20,9707,19168
74,2,20-25,2702,5259
74,2,30-35,11498,21289
74,2,35-40,4955,10042
74,2,40+,3221,5763
420,4,0-15,15877,65076
420,4,15-20,64623,122629
420,4,20-25,49677,28244
420,4,30-35,55547,88909
420,4,35-40,30213,114713
420,4,40+,16749,35843
420,1,0-15,47,146
420,1,15-20,32,64
420,1,20-25,21,140
420,1,30-35,29,14
420,1,35-40,51,74
420,1,40+,1,66
420,5,0-15,2740,4795
420,5,15-20,3272,6035
420,5,20-25,2772,3052
420,5,30-35,934,5573
420,5,35-40,1460,1606
420,5,40+,819,1699
420,3,0-15,84,247
420,3,15-20,115,206
420,3,20-25,18,8
420,3,30-35,35,161
420,3,35-40,91,59
420,3,40+,71,75
420,2,0-15,197,554
420,2,15-20,280,39
420,2,20-25,163,713
420,2,30-35,67,173
420,2,35-40,303,197
420,2,40+,93,712
39,4,0-15,46851,93571
39,4,15-20,64109,128856
39,4,20-25,15947,32125
39,4,30-35,27738,56953
39,4,35-40,55149,111457
39,4,40+,2264,25865
39,1,0-15,91,37
39,1,15-20,131,332
39,1,20-25,123,347
39,1,30-35,78,391
39,1,35-40,21,175
39,1,40+,48,198
39,5,0-15,59260,117277
39,5,15-20,20378,40421
39,5,20-25,68526,134833
39,5,30-35,80608,158161
39,5,35-40,33735,67241
39,5,40+,2829,5593
39,3,0-15,578,1538
39,3,15-20,815,1718
39,3,20-25,794,1908
39,3,30-35,200,540
39,3,35-40,408,455
39,3,40+,181,877
39,2,0-15,46,203
39,2,15-20,28,130
39,2,20-25,90,44
39,2,30-35,73,272
39,2,35-40,55,227
39,2,40+,29,111
427,4,0-15,370,224
427,4,15-20,289,873
427,4,20-25,393,633
427,4,30-35,91,788
427,4,35-40,193,182
427,4,40+,87,397
427,1,0-15,4872,10337
427,1,15-20,1610,3276
427,1,20-25,6756,14347
427,1,30-35,5949,12885
427,1,35-40,3194,6714
427,1,40+,236,458
427,5,0-15,152,334
427,5,15-20,416,992
427,5,20-25,435,776
427,5,30-35,518,889
427,5,35-40,18,36
427,5,40+,185,145
427,3,0-15,22,126
427,3,15-20,42,42
427,3,20-25,8,79
427,3,30-35,26,31
427,3,35-40,39,94
427,3,40+,3,11
427,2,0-15,1198,2625
427,2,15-20,838,682
427,2,20-25,1088,1996
427,2,30-35,246,2321
427,2,35-40,568,1148
427,2,40+,48,110
40,4,0-15,231,476
40,4,15-20,163,179
40,4,20-25,42,408
40,4,30-35,85,364
40,4,35-40,182,185
40,4,40+,49,99
40,1,0-15,4,57
40,1,15-20,12,73
40,1,20-25,10,37
40,1,30-35,10,14
40,1,35-40,6,40
40,1,40+,2,24
40,5,0-15,187,370
40,5,15-20,26,46
40,5,20-25,105,213
40,5,30-35,168,410
40,5,35-40,101,389
40,5,40+,54,206
40,3,0-15,53,199
40,3,15-20,87,254
40,3,20-25,48,112
40,3,30-35,96,265
40,3,35-40,34,100
40,3,40+,11,202
40,2,0-15,32596,62266
40,2,15-20,14531,29709
40,2,20-25,50631,97491
40,2,30-35,64458,123369
40,2,35-40,74442,142070
40,2,40+,2067,4524
59,4,0-15,1171,2496
59,4,15-20,930,2088
59,4,20-25,625,2857
59,4,30-35,1287,1278
59,4,35-40,331,97
59,4,40+,276,711
59,1,0-15,10318,19498
59,1,15-20,36621,88007
59,1,20-25,31299,61170
59,1,30-35,18019,75162
59,1,35-40,43833,37147
59,1,40+,1431,2736
59,5,0-15,858,1677
59,5,15-20,977,1476
59,5,20-25,741,1966
59,5,30-35,472,77
59,5,35-40,253,917
59,5,40+,176,487
59,3,0-15,99,236
59,3,15-20,156,320
59,3,20-25,26,23
59,3,30-35,143,80
59,3,35-40,80,163
59,3,40+,34,314
59,2,0-15,141,6469
59,2,15-20,2954,254
59,2,20-25,2404,5022
59,2,30-35,857,5327
59,2,35-40,1141,1671
59,2,40+,2533,2544
24,4,0-15,40363,116559
24,4,15-20,79941,162497
24,4,20-25,74123,78988
24,4,30-35,18494,146831
24,4,35-40,55624,38828
24,4,40+,2752,38667
24,1,0-15,18878,27468
24,1,15-20,13278,39440
24,1,20-25,11041,8628
24,1,30-35,4183,37512
24,1,35-40,18360,22020
24,1,40+,6266,12313
24,5,0-15,503,1112
24,5,15-20,1032,2083
24,5,20-25,2238,4502
24,5,30-35,1589,3235
24,5,35-40,73,175
24,5,40+,2030,3986
24,3,0-15,214,468
24,3,15-20,54,136
24,3,20-25,236,440
24,3,30-35,144,352
24,3,35-40,144,267
24,3,40+,59,14
24,2,0-15,437,753
24,2,15-20,227,955
24,2,20-25,308,288
24,2,30-35,100,879
24,2,35-40,432,463
24,2,40+,143,41
126,4,0-15,19445,40754
126,4,15-20,26935,47623
126,4,20-25,6190,54801
126,4,30-35,23234,14434
126,4,35-40,11698,24221
126,4,40+,764,2023
126,1,0-15,97,222
126,1,15-20,96,252
126,1,20-25,60,230
126,1,30-35,69,85
126,1,35-40,34,142
126,1,40+,18,75
126,5,0-15,5348,10659
126,5,15-20,7906,15343
126,5,20-25,3678,7320
126,5,30-35,1647,13744
126,5,35-40,6977,3404
126,5,40+,1633,537
126,3,0-15,245,461
126,3,15-20,142,568
126,3,20-25,168,334
126,3,30-35,276,579
126,3,35-40,94,204
126,3,40+,53,150
126,2,0-15,64,142
126,2,15-20,33,85
126,2,20-25,103,84
126,2,30-35,123,262
126,2,35-40,122,280
126,2,40+,25,273
202,4,0-15,777,1568
202,4,15-20,973,2077
202,4,20-25,1022,87
202,4,30-35,334,2171
202,4,35-40,222,464
202,4,40+,51,1251
202,1,0-15,139,341
202,1,15-20,208,430
202,1,20-25,100,104
202,1,30-35,60,482
202,1,35-40,98,18
202,1,40+,23,126
202,5,0-15,2379,4772
202,5,15-20,759,1544
202,5,20-25,3210,6374
202,5,30-35,3453,6770
202,5,35-40,1901,3769
202,5,40+,983,1999
202,3,0-15,44644,406509
202,3,15-20,142556,86407
202,3,20-25,206429,419163
202,3,30-35,116282,228999
202,3,35-40,213567,278216
202,3,40+,7217,13265
202,2,0-15,675,1766
202,2,15-20,458,1406
202,2,20-25,634,292
202,2,30-35,267,693
202,2,35-40,406,1541
202,2,40+,20,923
222,4,0-15,130,537
222,4,15-20,59,277
222,4,20-25,160,177
222,4,30-35,234,411
222,4,35-40,227,529
222,4,40+,82,166
222,1,0-15,33,119
222,1,15-20,44,108
222,1,20-25,30,119
222,1,30-35,43,60
222,1,35-40,11,53
222,1,40+,20,32
222,5,0-15,575,1265
222,5,15-20,507,1003
222,5,20-25,462,1077
222,5,30-35,299,340
222,5,35-40,139,614
222,5,40+,16,63
222,3,0-15,26414,56117
222,3,15-20,86200,221100
222,3,20-25,119280,178074
222,3,30-35,56679,248411
222,3,35-40,106960,56961
222,3,40+,28630,116577
222,2,0-15,307,210
222,2,15-20,60,987
222,2,20-25,185,861
222,2,30-35,358,476
222,2,35-40,176,944
222,2,40+,218,505
145,4,0-15,26,811
145,4,15-20,495,74
145,4,20-25,158,1443
145,4,30-35,710,1232
145,4,35-40,695,447
145,4,40+,380,1608
145,1,0-15,10,193
145,1,15-20,182,690
145,1,20-25,282,662
145,1,30-35,278,202
145,1,35-40,53,531
145,1,40+,138,27
145,5,0-15,4531,10608
145,5,15-20,7158,7537
145,5,20-25,6950,15217
145,5,30-35,1318,3279
145,5,35-40,3870,13717
145,5,40+,1986,3726
145,3,0-15,190177,125387
145,3,15-20,8699,381299
145,3,20-25,228276,524106
145,3,30-35,261955,16696
145,3,35-40,63446,453022
145,3,40+,113495,228611
145,2,0-15,506,1667
145,2,15-20,778,1928
145,2,20-25,176,720
145,2,30-35,491,362
145,2,35-40,745,615
145,2,40+,288,1036
429,4,0-15,2477,5394
429,4,15-20,2573,5370
429,4,20-25,6219,13126
429,4,30-35,7026,14879
429,4,35-40,5450,11681
429,4,40+,1061,769
429,1,0-15,20,76
429,1,15-20,56,118
429,1,20-25,44,149
429,1,30-35,48,170
429,1,35-40,24,20
429,1,40+,12,66
429,5,0-15,1136,2650
429,5,15-20,87,2384
429,5,20-25,1512,1159
429,5,30-35,1356,139
429,5,35-40,478,3002
429,5,40+,653,1053
429,3,0-15,38189,81087
429,3,15-20,39855,82077
429,3,20-25,14953,102243
429,3,30-35,48575,30049
429,3,35-40,18960,39038
429,3,40+,2082,3767
429,2,0-15,65,336
429,2,15-20,108,300
429,2,20-25,120,212
429,2,30-35,24,353
429,2,35-40,65,126
429,2,40+,5,138
43,4,0-15,3792,7843
43,4,15-20,3178,5760
43,4,20-25,1665,6848
43,4,30-35,2820,3596
43,4,35-40,1004,1933
43,4,40+,758,278
43,1,0-15,8,25
43,1,15-20,21,63
43,1,20-25,17,3
43,1,30-35,19,65
43,1,35-40,11,51
43,1,40+,3,27
43,5,0-15,4215,1901
43,5,15-20,991,8654
43,5,20-25,3198,6186
43,5,30-35,3489,7403
43,5,35-40,1812,3881
43,5,40+,907,300
43,3,0-15,234,654
43,3,15-20,83,600
43,3,20-25,56,192
43,3,30-35,156,531
43,3,35-40,247,251
43,3,40+,155,337
43,2,0-15,66654,71009
43,2,15-20,78658,140318
43,2,20-25,59425,116036
43,2,30-35,21206,160512
43,2,35-40,33387,39888
43,2,40+,2887,5311
30,4,0-15,2634,5775
30,4,15-20,658,3981
30,4,20-25,2818,5424
30,4,30-35,1955,1342
30,4,35-40,1576,3097
30,4,40+,875,1735
30,1,0-15,22140,46035
30,1,15-20,6312,32255
30,1,20-25,16368,11817
30,1,30-35,20923,44111
30,1,35-40,7045,24858
30,1,40+,11978,1714
30,5,0-15,4914,9655
30,5,15-20,3243,9724
30,5,20-25,4785,6324
30,5,30-35,2778,3202
30,5,35-40,1023,2098
30,5,40+,1643,5415
30,3,0-15,976,8458
30,3,15-20,4608,1765
30,3,20-25,146,8766
30,3,30-35,3129,296
30,3,35-40,2390,5671
30,3,40+,4360,4592
30,2,0-15,1860,3779
30,2,15-20,436,3781
30,2,20-25,1968,2697
30,2,30-35,1480,832
30,2,35-40,1071,2222
30,2,40+,63,1344
38,4,0-15,1172,2030
38,4,15-20,860,2715
38,4,20-25,1219,2390
38,4,30-35,608,616
38,4,35-40,282,1152
38,4,40+,269,552
38,1,0-15,64,140
38,1,15-20,9,43
38,1,20-25,22,167
38,1,30-35,37,155
38,1,35-40,36,99
38,1,40+,34,5
38,5,0-15,40252,20750
38,5,15-20,44154,65222
38,5,20-25,10037,78134
38,5,30-35,30710,91700
38,5,35-40,9008,2795
38,5,40+,20089,16831
38,3,0-15,49,120
38,3,15-20,41,76
38,3,20-25,51,114
38,3,30-35,32,103
38,3,35-40,26,46
38,3,40+,9,45
38,2,0-15,56,128
38,2,15-20,41,137
38,2,20-25,30,122
38,2,30-35,23,23
38,2,35-40,20,62
38,2,40+,2,52
55,4,0-15,1994,2974
55,4,15-20,1057,4315
55,4,20-25,1341,2159
55,4,30-35,1881,4024
55,4,35-40,443,971
55,4,40+,504,1041
55,1,0-15,145,354
55,1,15-20,75,389
55,1,20-25,78,22
55,1,30-35,41,289
55,1,35-40,109,93
55,1,40+,17,186
55,5,0-15,93833,227136
55,5,15-20,111382,185415
55,5,20-25,30900,259053
55,5,30-35,4168,58267
55,5,35-40,127137,7968
55,5,40+,57857,117480
55,3,0-15,555,1239
55,3,15-20,192,394
55,3,20-25,752,42
55,3,30-35,691,1658
55,3,35-40,203,854
55,3,40+,387,1528
55,2,0-15,193,611
55,2,15-20,281,383
55,2,20-25,217,681
55,2,30-35,75,770
55,2,35-40,289,216
55,2,40+,100,45
10,4,0-15,55523,72968
10,4,15-20,55394,102558
10,4,20-25,33313,114123
10,4,30-35,29015,20554
10,4,35-40,9292,51466
10,4,40+,12796,22871
10,1,0-15,188,466
10,1,15-20,151,359
10,1,20-25,90,497
10,1,30-35,129,145
10,1,35-40,62,32
10,1,40+,28,271
10,5,0-15,5248,11348
10,5,15-20,4058,17378
10,5,20-25,8394,6977
10,5,30-35,8489,15097
10,5,35-40,1501,3215
10,5,40+,227,488
10,3,0-15,298,726
10,3,15-20,227,416
10,3,20-25,358,516
10,3,30-35,48,175
10,3,35-40,211,720
10,3,40+,5,23
10,2,0-15,483,358
10,2,15-20,185,612
10,2,20-25,291,1228
10,2,30-35,98,1027
10,2,35-40,322,1104
10,2,40+,493,339
141,4,0-15,6345,11904
141,4,15-20,7110,10576
141,4,20-25,1520,14106
141,4,30-35,4811,2757
141,4,35-40,1517,3464
141,4,40+,195,438
141,1,0-15,145685,301092
141,1,15-20,222246,434267
141,1,20-25,59683,114033
141,1,30-35,212910,404731
141,1,35-40,117471,92810
141,1,40+,6121,222050
141,5,0-15,689,1550
141,5,15-20,983,2114
141,5,20-25,204,506
141,5,30-35,1065,1947
141,5,35-40,541,1057
141,5,40+,29,72
141,3,0-15,44,120
141,3,15-20,58,151
141,3,20-25,30,124
141,3,30-35,7,8
141,3,35-40,35,39
141,3,40+,20,75
141,2,0-15,21,109
141,2,15-20,119,267
141,2,20-25,124,311
141,2,30-35,42,275
141,2,35-40,88,178
141,2,40+,82,87
85,4,0-15,13701,28955
85,4,15-20,17776,40770
85,4,20-25,19316,36652
85,4,30-35,4770,9768
85,4,35-40,4702,19115
85,4,40+,9447,9605
85,1,0-15,11,57
85,1,15-20,20,7
85,1,20-25,17,65
85,1,30-35,8,21
85,1,35-40,4,47
85,1,40+,13,67
85,5,0-15,4839,9433
85,5,15-20,3385,2035
85,5,20-25,1102,6557
85,5,30-35,2365,8530
85,5,35-40,4430,4578
85,5,40+,192,339
85,3,0-15,103,528
85,3,15-20,222,199
85,3,20-25,155,301
85,3,30-35,235,375
85,3,35-40,142,481
85,3,40+,13,92
85,2,0-15,821,1670
85,2,15-20,916,1927
85,2,20-25,685,1441
85,2,30-35,245,500
85,2,35-40,439,889
85,2,40+,169,366
121,4,0-15,605,1250
121,4,15-20,148,1054
121,4,20-25,582,372
121,4,30-35,480,1153
121,4,35-40,289,574
121,4,40+,18,254
121,1,0-15,61948,122333
121,1,15-20,33319,65555
121,1,20-25,65299,133450
121,1,30-35,44416,91971
121,1,35-40,14114,29058
121,1,40+,17148,33531
121,5,0-15,192,29
121,5,15-20,78,528
121,5,20-25,243,460
121,5,30-35,326,646
121,5,35-40,140,173
121,5,40+,6,288
121,3,0-15,13,37
121,3,15-20,14,15
121,3,20-25,14,8
121,3,30-35,3,34
121,3,35-40,9,24
121,3,40+,1,44
121,2,0-15,48,97
121,2,15-20,71,166
121,2,20-25,17,136
121,2,30-35,82,64
121,2,35-40,44,174
121,2,40+,2,58
203,4,0-15,318,665
203,4,15-20,263,830
203,4,20-25,72,220
203,4,30-35,205,749
203,4,35-40,337,427
203,4,40+,125,39
203,1,0-15,22609,41108
203,1,15-20,66107,135780
203,1,20-25,57467,110111
203,1,30-35,51952,111677
203,1,35-40,2836,55128
203,1,40+,25764,5125
203,5,0-15,379,1178
203,5,15-20,531,1360
203,5,20-25,742,750
203,5,30-35,195,427
203,5,35-40,195,1559
203,5,40+,608,398
203,3,0-15,866,1909
203,3,15-20,1080,2335
203,3,20-25,1119,2556
203,3,30-35,311,683
203,3,35-40,588,646
203,3,40+,359,1254
203,2,0-15,53,172
203,2,15-20,17,50
203,2,20-25,37,91
203,2,30-35,82,210
203,2,35-40,82,224
203,2,40+,5,16
240,4,0-15,21115,36852
240,4,15-20,5810,42353
240,4,20-25,16546,30895
240,4,30-35,17594,10159
240,4,35-40,905,18892
240,4,40+,8903,1471
240,1,0-15,148,377
240,1,15-20,111,362
240,1,20-25,170,299
240,1,30-35,46,87
240,1,35-40,92,95
240,1,40+,45,218
240,5,0-15,985,1990
240,5,15-20,2196,3926
240,5,20-25,2684,5002
240,5,30-35,893,1407
240,5,35-40,2066,4141
240,5,40+,136,790
240,3,0-15,36,75
240,3,15-20,81,178
240,3,20-25,78,175
240,3,30-35,43,143
240,3,35-40,66,84
240,3,40+,18,42
240,2,0-15,149,126
240,2,15-20,179,323
240,2,20-25,53,465
240,2,30-35,182,194
240,2,35-40,90,410
240,2,40+,41,101
96,4,0-15,532,1093
96,4,15-20,269,989
96,4,20-25,22,736
96,4,30-35,366,546
96,4,35-40,448,42
96,4,40+,160,223
96,1,0-15,56,118
96,1,15-20,30,137
96,1,20-25,2,8
96,1,30-35,29,25
96,1,35-40,42,71
96,1,40+,16,96
96,5,0-15,1599,2946
96,5,15-20,454,872
96,5,20-25,2422,4716
96,5,30-35,2223,4549
96,5,35-40,1245,2635
96,5,40+,63,141
96,3,0-15,27281,53171
96,3,15-20,19111,37148
96,3,20-25,14731,56578
96,3,30-35,28902,29079
96,3,35-40,5754,11117
96,3,40+,7364,14797
96,2,0-15,593,95
96,2,15-20,627,341
96,2,20-25,418,1311
96,2,30-35,165,872
96,2,35-40,331,1214
96,2,40+,202,425
7,4,0-15,777,1331
7,4,15-20,624,1621
7,4,20-25,252,925
7,4,30-35,452,1708
7,4,35-40,756,501
7,4,40+,30,71
7,1,0-15,39,11
7,1,15-20,26,97
7,1,20-25,13,83
7,1,30-35,26,28
7,1,35-40,20,47
7,1,40+,33,84
7,5,0-15,60339,129568
7,5,15-20,47403,98238
7,5,20-25,18564,116842
7,5,30-35,55137,35539
7,5,35-40,29778,30108
7,5,40+,14532,61858
7,3,0-15,175,392
7,3,15-20,164,265
7,3,20-25,154,39
7,3,30-35,44,394
7,3,35-40,127,446
7,3,40+,82,175
7,2,0-15,4178,8570
7,2,15-20,1886,3988
7,2,20-25,3657,7548
7,2,30-35,3492,6981
7,2,35-40,1489,2616
7,2,40+,935,1853
64,4,0-15,1705,5035
64,4,15-20,2137,4187
64,4,20-25,620,1508
64,4,30-35,1948,4280
64,4,35-40,973,2198
64,4,40+,89,1069
64,1,0-15,98869,218857
64,1,15-20,33333,70132
64,1,20-25,114433,256190
64,1,30-35,87911,196066
64,1,35-40,50262,111290
64,1,40+,4517,9155
64,5,0-15,1498,3416
64,5,15-20,1902,1254
64,5,20-25,552,4421
64,5,30-35,946,201
64,5,35-40,1741,3850
64,5,40+,441,2041
64,3,0-15,267,608
64,3,15-20,305,712
64,3,20-25,192,559
64,3,30-35,143,219
64,3,35-40,73,324
64,3,40+,8,27
64,2,0-15,1463,3726
64,2,15-20,1751,4619
64,2,20-25,1916,3976
64,2,30-35,436,1325
64,2,35-40,904,979
64,2,40+,528,2000
89,4,0-15,384,904
89,4,15-20,232,648
89,4,20-25,234,496
89,4,30-35,73,233
89,4,35-40,410,839
89,4,40+,111,267
89,1,0-15,132,302
89,1,15-20,107,18
89,1,20-25,142,374
89,1,30-35,97,104
89,1,35-40,32,364
89,1,40+,42,219
89,5,0-15,109,248
89,5,15-20,134,313
89,5,20-25,5,253
89,5,30-35,92,103
89,5,35-40,86,18
89,5,40+,28,163
89,3,0-15,122,371
89,3,15-20,74,121
89,3,20-25,21,157
89,3,30-35,131,335
89,3,35-40,50,230
89,3,40+,7,291
89,2,0-15,96177,186354
89,2,15-20,24102,48896
89,2,20-25,3328,6616
89,2,30-35,107039,151976
89,2,35-40,49052,213604
89,2,40+,74663,95038
876,4,0-15,34151,64308
876,4,15-20,24045,44794
876,4,20-25,31515,61037
876,4,30-35,8292,14990
876,4,35-40,17401,34129
876,4,40+,9289,18501
876,1,0-15,53694,103906
876,1,15-20,49810,98296
876,1,20-25,10821,21698
876,1,30-35,35952,68763
876,1,35-40,14290,54389
876,1,40+,27046,3253
876,5,0-15,2688,5027
876,5,15-20,2496,4733
876,5,20-25,2031,3583
876,5,30-35,1389,169
876,5,35-40,706,2665
876,5,40+,622,1383
876,3,0-15,135,196
876,3,15-20,126,88
876,3,20-25,79,266
876,3,30-35,30,253
876,3,35-40,74,136
876,3,40+,46,7
876,2,0-15,683,1415
876,2,15-20,684,1001
876,2,20-25,473,1439
876,2,30-35,418,333
876,2,35-40,143,515
876,2,40+,262,867
127,4,0-15,1173,2199
127,4,15-20,266,2451
127,4,20-25,1051,540
127,4,30-35,830,1762
127,4,35-40,527,1149
127,4,40+,245,69
127,1,0-15,16,49
127,1,15-20,12,38
127,1,20-25,7,5
127,1,30-35,4,21
127,1,35-40,2,24
127,1,40+,1,34
127,5,0-15,6730,13686
127,5,15-20,21594,44134
127,5,20-25,31379,64669
127,5,30-35,27783,56680
127,5,35-40,964,29105
127,5,40+,14337,13219
127,3,0-15,129,221
127,3,15-20,97,291
127,3,20-25,86,74
127,3,30-35,5,260
127,3,35-40,27,16
127,3,40+,40,89
127,2,0-15,1123,2519
127,2,15-20,1020,2152
127,2,20-25,34,1833
127,2,30-35,870,67
127,2,35-40,269,548
127,2,40+,514,557
236,4,0-15,3098,7051
236,4,15-20,1089,2447
236,4,20-25,3566,1826
236,4,30-35,1770,7633
236,4,35-40,3977,8884
236,4,40+,923,3832
236,1,0-15,62,97
236,1,15-20,63,214
236,1,20-25,85,203
236,1,30-35,59,248
236,1,35-40,21,162
236,1,40+,20,17
236,5,0-15,9105,19644
236,5,15-20,7665,16868
236,5,20-25,10463,22612
236,5,30-35,2295,5820
236,5,35-40,4732,4791
236,5,40+,2671,10131
236,3,0-15,74088,156356
236,3,15-20,25519,51335
236,3,20-25,95695,200436
236,3,30-35,103555,220281
236,3,35-40,50821,106186
236,3,40+,3805,7371
236,2,0-15,89,894
236,2,15-20,192,438
236,2,20-25,235,454
236,2,30-35,374,221
236,2,35-40,331,875
236,2,40+,109,941
117,4,0-15,638,1419
117,4,15-20,739,790
117,4,20-25,827,1564
117,4,30-35,214,1901
117,4,35-40,374,516
117,4,40+,32,75
117,1,0-15,25,77
117,1,15-20,15,6
117,1,20-25,19,30
117,1,30-35,7,52
117,1,35-40,17,93
117,1,40+,3,34
117,5,0-15,856,1939
117,5,15-20,324,659
117,5,20-25,1062,1821
117,5,30-35,866,2330
117,5,35-40,179,385
117,5,40+,448,896
117,3,0-15,222,640
117,3,15-20,132,564
117,3,20-25,53,181
117,3,30-35,222,320
117,3,35-40,123,145
117,3,40+,76,490
117,2,0-15,115749,279038
117,2,15-20,136807,231971
117,2,20-25,32796,64928
117,2,30-35,98486,47106
117,2,35-40,23423,201262
117,2,40+,56613,111849
99,4,0-15,723,1584
99,4,15-20,526,1162
99,4,20-25,461,1560
99,4,30-35,163,949
99,4,35-40,734,85
99,4,40+,284,435
99,1,0-15,57,229
99,1,15-20,62,190
99,1,20-25,54,19
99,1,30-35,68,187
99,1,35-40,40,73
99,1,40+,17,138
99,5,0-15,15610,141587
99,5,15-20,51387,95493
99,5,20-25,70343,28695
99,5,30-35,40711,144031
99,5,35-40,23190,82565
99,5,40+,73610,46663
99,3,0-15,2941,6364
99,3,15-20,671,4716
99,3,20-25,2837,1892
99,3,30-35,2022,6165
99,3,35-40,1239,2592
99,3,40+,1957,4060
99,2,0-15,197581,379135
99,2,15-20,148840,381909
99,2,20-25,183759,268671
99,2,30-35,49757,87690
99,2,35-40,107111,225576
99,2,40+,7362,132169
54,4,0-15,23668,95527
54,4,15-20,47670,46437
54,4,20-25,33069,66948
54,4,30-35,10264,20679
54,4,35-40,44343,87067
54,4,40+,1381,2813
54,1,0-15,1715,4681
54,1,15-20,1947,6935
54,1,20-25,2634,240
54,1,30-35,2985,1435
54,1,35-40,1171,6929
54,1,40+,527,4209
54,5,0-15,9221,18874
54,5,15-20,12707,25829
54,5,20-25,3111,6210
54,5,30-35,11794,23385
54,5,35-40,6217,12329
54,5,40+,426,885
54,3,0-15,189,436
54,3,15-20,157,456
54,3,20-25,118,374
54,3,30-35,135,253
54,3,35-40,71,140
54,3,40+,35,168
54,2,0-15,12156,14944
54,2,15-20,12168,26319
54,2,20-25,7297,18157
54,2,30-35,8130,25590
54,2,35-40,2462,5408
54,2,40+,4120,8214
90,4,0-15,3262,6415
90,4,15-20,1651,6223
90,4,20-25,2169,3462
90,4,30-35,3128,4292
90,4,35-40,604,1290
90,4,40+,933,1970
90,1,0-15,73,48
90,1,15-20,47,198
90,1,20-25,57,113
90,1,30-35,25,102
90,1,35-40,35,166
90,1,40+,9,10
90,5,0-15,53193,100569
90,5,15-20,33726,63588
90,5,20-25,8570,96735
90,5,30-35,49459,53256
90,5,35-40,26435,27431
90,5,40+,13571,17949
90,3,0-15,663,1313
90,3,15-20,410,873
90,3,20-25,692,1412
90,3,30-35,404,842
90,3,35-40,100,266
90,3,40+,231,519
90,2,0-15,675,2154
90,2,15-20,610,1427
90,2,20-25,989,2310
90,2,30-35,363,1334
90,2,35-40,1050,726
90,2,40+,167,411
57,4,0-15,47063,92449
57,4,15-20,56136,104370
57,4,20-25,66730,125944
57,4,30-35,14427,3633
57,4,35-40,27195,50362
57,4,40+,11302,30159
57,1,0-15,17307,34628
57,1,15-20,10019,32876
57,1,20-25,9800,18178
57,1,30-35,16934,22777
57,1,35-40,2867,7009
57,1,40+,420,1084
57,5,0-15,1213,2230
57,5,15-20,285,655
57,5,20-25,985,1960
57,5,30-35,47,2665
57,5,35-40,1410,100
57,5,40+,265,491
57,3,0-15,299,545
57,3,15-20,212,668
57,3,20-25,157,525
57,3,30-35,262,298
57,3,35-40,60,226
57,3,40+,76,96
57,2,0-15,55185,105904
57,2,15-20,49437,26098
57,2,20-25,37634,76235
57,2,30-35,12546,91675
57,2,35-40,24835,45676
57,2,40+,11345,21173
11,4,0-15,3066,6358
11,4,15-20,878,2036
11,4,20-25,3288,7056
11,4,30-35,2467,5609
11,4,35-40,1660,3261
11,4,40+,828,1612
11,1,0-15,144608,231535
11,1,15-20,121363,317340
11,1,20-25,38384,276341
11,1,30-35,166102,73859
11,1,35-40,35928,68987
11,1,40+,74225,142742
11,5,0-15,2157,4380
11,5,15-20,1763,3627
11,5,20-25,682,1413
11,5,30-35,912,761
11,5,35-40,1818,3581
11,5,40+,434,1674
11,3,0-15,284,567
11,3,15-20,190,483
11,3,20-25,242,464
11,3,30-35,145,266
11,3,35-40,88,30
11,3,40+,93,202
11,2,0-15,227,548
11,2,15-20,159,275
11,2,20-25,222,512
11,2,30-35,43,495
11,2,35-40,128,46
11,2,40+,78,185
21,4,0-15,782,1695
21,4,15-20,549,1381
21,4,20-25,777,1769
21,4,30-35,484,441
21,4,35-40,25,999
21,4,40+,166,90
21,1,0-15,45,164
21,1,15-20,27,23
21,1,20-25,21,74
21,1,30-35,40,188
21,1,35-40,2,159
21,1,40+,56,53
21,5,0-15,4234,1924
21,5,15-20,2790,9024
21,5,20-25,4128,6037
21,5,30-35,832,8670
21,5,35-40,2407,330
21,5,40+,1455,2879
21,3,0-15,374994,382167
21,3,15-20,426420,542876
21,3,20-25,94621,711184
21,3,30-35,303580,171059
21,3,35-40,199878,780599
21,3,40+,100872,194402
21,2,0-15,34172,72701
21,2,15-20,33001,74289
21,2,20-25,8033,51867
21,2,30-35,24570,17404
21,2,35-40,10921,41794
21,2,40+,18918,2871
62,4,0-15,11448,24739
62,4,15-20,17035,35541
62,4,20-25,16096,7857
62,4,30-35,3507,1227
62,4,35-40,8839,32226
62,4,40+,4324,17257
62,1,0-15,31680,67400
62,1,15-20,30206,62195
62,1,20-25,20808,46351
62,1,30-35,6150,33706
62,1,35-40,17002,14605
62,1,40+,8493,16819
62,5,0-15,2508,5066
62,5,15-20,471,1085
62,5,20-25,1679,3544
62,5,30-35,1233,4455
62,5,35-40,2340,2439
62,5,40+,644,1213
62,3,0-15,136,430
62,3,15-20,206,115
62,3,20-25,47,395
62,3,30-35,182,309
62,3,35-40,118,235
62,3,40+,54,115
62,2,0-15,258,538
62,2,15-20,472,1008
62,2,20-25,550,875
62,2,30-35,360,284
62,2,35-40,106,38
62,2,40+,13,1216
82,4,0-15,95570,57970
82,4,15-20,4480,183060
82,4,20-25,70784,8566
82,4,30-35,30278,261808
82,4,35-40,127608,136052
82,4,40+,137574,244016
82,1,0-15,22641,41823
82,1,15-20,21234,39639
82,1,20-25,4104,8276
82,1,30-35,11679,22145
82,1,35-40,14579,27628
82,1,40+,6159,1365
82,5,0-15,2394,4506
82,5,15-20,7178,12935
82,5,20-25,9130,16623
82,5,30-35,10134,18377
82,5,35-40,330,4031
82,5,40+,2131,619
82,3,0-15,393,775
82,3,15-20,387,828
82,3,20-25,71,598
82,3,30-35,269,199
82,3,35-40,14,42
82,3,40+,131,261
82,2,0-15,152,415
82,2,15-20,407,1139
82,2,20-25,203,1526
82,2,30-35,662,442
82,2,35-40,660,1537
82,2,40+,15,64
25,4,0-15,1163,2388
25,4,15-20,1095,1741
25,4,20-25,238,2367
25,4,30-35,797,561
25,4,35-40,40,1393
25,4,40+,386,120
25,1,0-15,3577,7662
25,1,15-20,5162,10675
25,1,20-25,1206,11045
25,1,30-35,5189,2570
25,1,35-40,2944,6054
25,1,40+,192,403
25,5,0-15,2385,4465
25,5,15-20,10387,20215
25,5,20-25,10913,21034
25,5,30-35,7459,14368
25,5,35-40,5894,11656
25,5,40+,347,703
25,3,0-15,700,2026
25,3,15-20,213,883
25,3,20-25,1106,2552
25,3,30-35,798,2604
25,3,35-40,1220,341
25,3,40+,518,1657
25,2,0-15,110956,210627
25,2,15-20,150723,308313
25,2,20-25,158747,296988
25,2,30-35,86397,171255
25,2,35-40,35169,66201
25,2,40+,5271,9856
267,4,0-15,18,66
267,4,15-20,27,12
267,4,20-25,18,78
267,4,30-35,35,33
267,4,35-40,8,67
267,4,40+,9,20
267,1,0-15,3,20
267,1,15-20,5,11
267,1,20-25,5,17
267,1,30-35,2,28
267,5,0-15,63,54
267,5,15-20,41,143
267,5,20-25,32,145
267,5,30-35,84,194
267,5,35-40,16,75
267,5,40+,2,14
267,3,0-15,37,167
267,3,15-20,65,129
267,3,20-25,64,97
267,3,30-35,9,175
267,3,35-40,33,154
267,3,40+,18,46
267,2,0-15,85075,163627
267,2,15-20,57630,109851
267,2,20-25,74902,75457
267,2,30-35,38306,32243
267,2,35-40,16654,146668
267,2,40+,17300,4929
75,4,0-15,1710,3660
75,4,15-20,42145,87326
75,4,20-25,60741,120382
75,4,30-35,12165,33451
75,4,35-40,34396,127895
75,4,40+,62894,25561
75,1,0-15,108,10575
75,1,15-20,798,7463
75,1,20-25,1738,10979
75,1,30-35,4693,331
75,1,35-40,3088,2313
75,1,40+,5107,3458
75,5,0-15,966,2053
75,5,15-20,2077,6504
75,5,20-25,4444,8899
75,5,30-35,3234,4094
75,5,35-40,3975,7878
75,5,40+,950,1928
75,3,0-15,200,438
75,3,15-20,130,528
75,3,20-25,210,161
75,3,30-35,134,359
75,3,35-40,49,270
75,3,40+,70,28
75,2,0-15,1449,3351
75,2,15-20,1337,1579
75,2,20-25,723,2331
75,2,30-35,921,719
75,2,35-40,282,2951
75,2,40+,356,124
111,4,0-15,804,1692
111,4,15-20,435,1681
111,4,20-25,450,1214
111,4,30-35,740,864
111,4,35-40,203,410
111,4,40+,165,392
111,1,0-15,335,903
111,1,15-20,113,712
111,1,20-25,336,311
111,1,30-35,528,1328
111,1,35-40,587,1370
111,1,40+,23,56
111,5,0-15,307,339
111,5,15-20,307,165
111,5,20-25,195,673
111,5,30-35,60,527
111,5,35-40,179,639
111,5,40+,84,165
111,3,0-15,21,458
111,3,15-20,96,247
111,3,20-25,94,163
111,3,30-35,157,226
111,3,35-40,162,387
111,3,40+,62,418
111,2,0-15,28279,59444
111,2,15-20,102732,7610
111,2,20-25,83721,241054
111,2,30-35,118174,200520
111,2,35-40,50409,179954
111,2,40+,4078,98005
518,4,0-15,2686,4781
518,4,15-20,981,1649
518,4,20-25,2733,5821
518,4,30-35,3300,6517
518,4,35-40,1399,3058
518,4,40+,761,1607
518,1,0-15,102,266
518,1,15-20,89,100
518,1,20-25,115,344
518,1,30-35,157,382
518,1,35-40,37,221
518,1,40+,3,12
518,5,0-15,25116,48067
518,5,15-20,5779,10294
518,5,20-25,23089,46020
518,5,30-35,18009,33212
518,5,35-40,12977,26511
518,5,40+,877,1615
518,3,0-15,1091,2342
518,3,15-20,1194,2463
518,3,20-25,297,768
518,3,30-35,611,584
518,3,35-40,853,1720
518,3,40+,365,1380
518,2,0-15,8037,15076
518,2,15-20,10686,19782
518,2,20-25,2748,20804
518,2,30-35,9888,11532
518,2,35-40,409,5006
518,2,40+,5557,726
76,4,0-15,975,2534
76,4,15-20,925,2165
76,4,20-25,1102,2180
76,4,30-35,406,1050
76,4,35-40,236,839
76,4,40+,469,491
76,1,0-15,41994,90827
76,1,15-20,37461,75601
76,1,20-25,33297,73942
76,1,30-35,16732,31065
76,1,35-40,7657,16858
76,1,40+,16470,36616
76,5,0-15,833,1820
76,5,15-20,696,1637
76,5,20-25,924,2011
76,5,30-35,527,1055
76,5,35-40,270,530
76,5,40+,32,75
76,3,0-15,73,194
76,3,15-20,149,268
76,3,20-25,94,99
76,3,30-35,125,140
76,3,35-40,39,318
76,3,40+,8,374
76,2,0-15,2409,5270
76,2,15-20,767,5554
76,2,20-25,2079,1457
76,2,30-35,1348,4228
76,2,35-40,2574,2924
76,2,40+,115,214
895,4,0-15,847,1796
895,4,15-20,925,1537
895,4,20-25,577,497
895,4,30-35,432,2097
895,4,35-40,149,887
895,4,40+,206,396
895,1,0-15,168,502
895,1,15-20,165,17
895,1,20-25,56,407
895,1,30-35,116,141
895,1,35-40,113,427
895,1,40+,20,121
895,5,0-15,469,1826
895,5,15-20,595,808
895,5,20-25,708,1412
895,5,30-35,148,1506
895,5,35-40,837,438
895,5,40+,191,397
895,3,0-15,47014,24356
895,3,15-20,12477,107038
895,3,20-25,39824,89185
895,3,30-35,56371,77135
895,3,35-40,1615,3017
895,3,40+,23447,19258
895,2,0-15,126,196
895,2,15-20,130,267
895,2,20-25,166,91
895,2,30-35,98,418
895,2,35-40,20,490
895,2,40+,75,388
56,4,0-15,2076,4123
56,4,15-20,2165,3317
56,4,20-25,531,4442
56,4,30-35,65,1067
56,4,35-40,1070,2151
56,4,40+,1720,128
56,1,0-15,98210,39265
56,1,15-20,70381,186279
56,1,20-25,22624,126905
56,1,30-35,44990,91354
56,1,35-40,86590,170733
56,1,40+,3246,5794
56,5,0-15,1930,5075
56,5,15-20,2286,4437
56,5,20-25,683,3827
56,5,30-35,2541,1237
56,5,35-40,520,1029
56,5,40+,1112,2133
56,3,0-15,39,79
56,3,15-20,32,81
56,3,20-25,14,35
56,3,30-35,21,69
56,3,35-40,8,33
56,3,40+,9,24
56,2,0-15,98,236
56,2,15-20,24,207
56,2,20-25,97,233
56,2,30-35,53,120
56,2,35-40,76,85
56,2,40+,9,88
20,4,0-15,36,401
20,4,15-20,156,704
20,4,20-25,209,671
20,4,30-35,216,519
20,4,35-40,107,134
20,4,40+,57,231
20,1,0-15,27386,56650
20,1,15-20,16119,74886
20,1,20-25,37218,64677
20,1,30-35,8978,33254
20,1,35-40,32135,19061
20,1,40+,1344,15751
20,5,0-15,2775,2723
20,5,15-20,2555,6299
20,5,20-25,1161,7161
20,5,30-35,3246,5447
20,5,35-40,458,414
20,5,40+,160,1000
20,3,0-15,76,373
20,3,15-20,12,287
20,3,20-25,52,284
20,3,30-35,73,85
20,3,35-40,51,192
20,3,40+,20,122
20,2,0-15,705,2360
20,2,15-20,837,2014
20,2,20-25,939,1153
20,2,30-35,263,2516
20,2,35-40,40,229
20,2,40+,484,477
2,4,0-15,42091,72400
2,4,15-20,31295,59382
2,4,20-25,10224,82071
2,4,30-35,36080,19554
2,4,35-40,18732,18997
2,4,40+,9319,38317
2,1,0-15,9592,19391
2,1,15-20,8392,4587
2,1,20-25,2141,17322
2,1,30-35,6826,14084
2,1,35-40,4456,9101
2,1,40+,320,4445
2,5,0-15,922,1832
2,5,15-20,831,1524
2,5,20-25,806,1620
2,5,30-35,217,452
2,5,35-40,290,850
2,5,40+,453,510
2,3,0-15,116,294
2,3,15-20,38,153
2,3,20-25,134,89
2,3,30-35,72,235
2,3,35-40,77,193
2,3,40+,28,5
2,2,0-15,54,213
2,2,15-20,47,173
2,2,20-25,29,70
2,2,30-35,70,116
2,2,35-40,13,166
2,2,40+,69,53
61,4,0-15,60,129
61,4,15-20,272,536
61,4,20-25,300,582
61,4,30-35,189,390
61,4,35-40,137,274
61,4,40+,70,155
61,1,0-15,4,15
61,1,15-20,8,10
61,1,20-25,11,10
61,1,30-35,3,13
61,1,35-40,4,34
61,1,40+,1,7
61,5,0-15,28414,57758
61,5,15-20,25774,51851
61,5,20-25,13302,26739
61,5,30-35,822,40220
61,5,35-40,18991,1820
61,5,40+,5668,12591
61,3,0-15,166,395
61,3,15-20,121,265
61,3,20-25,85,214
61,3,30-35,30,361
61,3,35-40,154,86
61,3,40+,55,112
61,2,0-15,1520,2238
61,2,15-20,1676,3122
61,2,20-25,1056,3445
61,2,30-35,853,117
61,2,35-40,306,1741
61,2,40+,427,665
516,4,0-15,65162,128041
516,4,15-20,11293,24883
516,4,20-25,39682,85658
516,4,30-35,61955,114638
516,4,35-40,33198,58877
516,4,40+,14946,27519
516,1,0-15,215,541
516,1,15-20,348,409
516,1,20-25,54,747
516,1,30-35,168,203
516,1,35-40,279,764
516,1,40+,122,235
516,5,0-15,1967,3547
516,5,15-20,1415,3013
516,5,20-25,2049,4119
516,5,30-35,913,1047
516,5,35-40,466,1642
516,5,40+,408,710
516,3,0-15,60,163
516,3,15-20,106,225
516,3,20-25,56,251
516,3,30-35,108,106
516,3,35-40,32,57
516,3,40+,19,65
516,2,0-15,244,627
516,2,15-20,1413,1559
516,2,20-25,876,2173
516,2,30-35,1369,3090
516,2,35-40,460,2887
516,2,40+,822,787
80,4,0-15,18067,35263
80,4,15-20,18724,37861
80,4,20-25,3702,18809
80,4,30-35,12311,7575
80,4,35-40,9805,25487
80,4,40+,574,1195
80,1,0-15,26661,56715
80,1,15-20,18206,54186
80,1,20-25,14465,39037
80,1,30-35,5667,14787
80,1,35-40,7463,11984
80,1,40+,26221,29197
80,5,0-15,6716,49964
80,5,15-20,26664,55059
80,5,20-25,28700,26940
80,5,30-35,14476,12655
80,5,35-40,20329,39145
80,5,40+,1017,1912
80,3,0-15,494,1699
80,3,15-20,755,1191
80,3,20-25,792,481
80,3,30-35,145,1747
80,3,35-40,448,935
80,3,40+,257,110
80,2,0-15,31512,64992
80,2,15-20,7653,15166
80,2,20-25,33432,70336
80,2,30-35,23227,49094
80,2,35-40,16899,34656
80,2,40+,1241,2213
78,4,0-15,8551,17339
78,4,15-20,11584,6090
78,4,20-25,2988,23143
78,4,30-35,10018,19973
78,4,35-40,5295,10425
78,4,40+,2544,5025
78,1,0-15,20457,43959
78,1,15-20,1108,30103
78,1,20-25,7017,2229
78,1,30-35,14889,15130
78,1,35-40,28842,60437
78,1,40+,27393,55638
78,5,0-15,165,1029
78,5,15-20,479,941
78,5,20-25,527,332
78,5,30-35,632,1240
78,5,35-40,229,513
78,5,40+,18,37
78,3,0-15,45,133
78,3,15-20,30,92
78,3,20-25,61,61
78,3,30-35,8,126
78,3,35-40,3,45
78,3,40+,25,13
78,2,0-15,3078,6367
78,2,15-20,1097,2201
78,2,20-25,4193,8658
78,2,30-35,898,3831
78,2,35-40,3713,1868
78,2,40+,1946,7419
555,4,0-15,58,507
555,4,15-20,277,166
555,4,20-25,187,633
555,4,30-35,137,26
555,4,35-40,227,523
555,4,40+,6,300
555,1,0-15,210,519
555,1,15-20,127,414
555,1,20-25,207,143
555,1,30-35,131,319
555,1,35-40,62,537
555,1,40+,75,179
555,5,0-15,1012,1922
555,5,15-20,2806,5811
555,5,20-25,3863,7906
555,5,30-35,3504,6979
555,5,35-40,1884,1707
555,5,40+,872,3679
555,3,0-15,140,1308
555,3,15-20,447,1205
555,3,20-25,652,520
555,3,30-35,365,1500
555,3,35-40,596,747
555,3,40+,19,168
555,2,0-15,99620,205746
555,2,15-20,111223,230435
555,2,20-25,29719,161928
555,2,30-35,51816,51827
555,2,35-40,82196,107191
555,2,40+,4597,7334
246,4,0-15,674,1432
246,4,15-20,426,985
246,4,20-25,607,1227
246,4,30-35,323,620
246,4,35-40,11,45
246,4,40+,158,326
246,1,0-15,5298,10610
246,1,15-20,5110,11673
246,1,20-25,3825,5446
246,1,30-35,1276,8475
246,1,35-40,2722,2840
246,1,40+,1273,2603
246,5,0-15,23094,49299
246,5,15-20,15053,34866
246,5,20-25,11938,23099
246,5,30-35,777,1755
246,5,35-40,5022,43651
246,5,40+,22172,11177
246,3,0-15,22,179
246,3,15-20,78,60
246,3,20-25,93,223
246,3,30-35,35,63
246,3,35-40,51,157
246,3,40+,43,98
246,2,0-15,177,366
246,2,15-20,62,149
246,2,20-25,180,459
246,2,30-35,6,378
246,2,35-40,88,21
246,2,40+,143,184
133,4,0-15,15525,31408
133,4,15-20,22876,44271
133,4,20-25,23606,46436
133,4,30-35,12399,9298
133,4,35-40,4584,24197
133,4,40+,695,1409
133,1,0-15,607,1934
133,1,15-20,881,1377
133,1,20-25,821,1879
133,1,30-35,208,455
133,1,35-40,31,1119
133,1,40+,558,70
133,5,0-15,2272,4363
133,5,15-20,2990,6334
133,5,20-25,3294,1530
133,5,30-35,748,5725
133,5,35-40,1586,1386
133,5,40+,105,3145
133,3,0-15,1450,2862
133,3,15-20,1344,2912
133,3,20-25,905,2017
133,3,30-35,828,580
133,3,35-40,485,1694
133,3,40+,277,979
133,2,0-15,254,704
133,2,15-20,334,174
133,2,20-25,74,723
133,2,30-35,328,542
133,2,35-40,124,387
133,2,40+,186,216
497,4,0-15,125,48
497,4,15-20,86,241
497,4,20-25,36,149
497,4,30-35,23,188
497,4,35-40,54,88
497,4,40+,20,53
497,1,0-15,9,18
497,1,15-20,23,41
497,1,20-25,21,50
497,1,30-35,6,25
497,1,35-40,9,50
497,1,40+,2,15
497,5,0-15,86,189
497,5,15-20,9,30
497,5,20-25,265,792
497,5,30-35,386,553
497,5,35-40,353,708
497,5,40+,200,378
497,3,0-15,55,179
497,3,15-20,29,61
497,3,20-25,62,80
497,3,30-35,37,130
497,3,35-40,5,140
497,3,40+,12,72
497,2,0-15,39100,80259
497,2,15-20,35205,56656
497,2,20-25,25878,69030
497,2,30-35,7876,15458
497,2,35-40,17931,17659
497,2,40+,1163,34895
33,4,0-15,2864,6703
33,4,15-20,5395,9783
33,4,20-25,648,1907
33,4,30-35,5341,5176
33,4,35-40,2923,10739
33,4,40+,93,293
33,1,0-15,52968,67017
33,1,15-20,32136,102465
33,1,20-25,15045,27178
33,1,30-35,30778,55130
33,1,35-40,54217,99190
33,1,40+,9240,20024
33,5,0-15,351,625
33,5,15-20,268,644
33,5,20-25,417,779
33,5,30-35,74,138
33,5,35-40,79,43
33,5,40+,198,232
33,3,0-15,60,57
33,3,15-20,60,114
33,3,20-25,22,139
33,3,30-35,33,57
33,3,35-40,11,116
33,3,40+,16,9
33,2,0-15,853,1874
33,2,15-20,539,1352
33,2,20-25,458,852
33,2,30-35,851,1675
33,2,35-40,154,481
33,2,40+,235,426
421,4,0-15,386,829
421,4,15-20,170,714
421,4,20-25,287,382
421,4,30-35,325,607
421,4,35-40,108,210
421,4,40+,21,158
421,1,0-15,19695,37326
421,1,15-20,24284,49185
421,1,20-25,7748,13624
421,1,30-35,19487,41576
421,1,35-40,9321,20203
421,1,40+,1033,8958
421,5,0-15,68,132
421,5,15-20,268,432
421,5,20-25,243,511
421,5,30-35,329,610
421,5,35-40,139,268
421,5,40+,75,146
421,3,0-15,13,36
421,3,15-20,19,48
421,3,20-25,17,34
421,3,30-35,4,7
421,3,35-40,8,4
421,3,40+,5,12
421,2,0-15,72,102
421,2,15-20,41,166
421,2,20-25,89,177
421,2,30-35,19,10
421,2,35-40,3,59
421,2,40+,22,194
526,4,0-15,168,107
526,4,15-20,296,314
526,4,20-25,258,642
526,4,30-35,186,450
526,4,35-40,67,575
526,4,40+,35,136
526,1,0-15,12,60
526,1,15-20,23,21
526,1,20-25,29,68
526,1,30-35,13,71
526,1,35-40,18,40
526,1,40+,6,20
526,5,0-15,4,12
526,5,15-20,32,75
526,5,20-25,20,59
526,5,30-35,8,57
526,5,35-40,14,28
526,5,40+,29,31
526,3,0-15,21,66
526,3,15-20,4,48
526,3,20-25,15,58
526,3,30-35,25,27
526,3,35-40,2,46
526,3,40+,7,12
526,2,0-15,16857,46847
526,2,15-20,23947,33798
526,2,20-25,20325,38379
526,2,30-35,5377,10910
526,2,35-40,9832,18683
526,2,40+,4038,7859
888,4,0-15,65,143
888,4,15-20,8,61
888,4,20-25,43,126
888,4,30-35,52,144
888,4,35-40,39,84
888,4,40+,16,40
888,1,0-15,2,15
888,1,15-20,1,14
888,1,20-25,6,22
888,1,30-35,3,3
888,1,35-40,6,18
888,1,40+,1,5
888,5,0-15,83,193
888,5,15-20,17,147
888,5,20-25,76,171
888,5,30-35,37,71
888,5,35-40,53,84
888,5,40+,21,39
888,3,0-15,9,130
888,3,15-20,75,159
888,3,20-25,31,161
888,3,30-35,47,170
888,3,35-40,49,61
888,3,40+,21,87
888,2,0-15,9419,20602
888,2,15-20,50345,97051
888,2,20-25,33005,84514
888,2,30-35,22947,66908
888,2,35-40,45036,42540
888,2,40+,10364,19294
58,4,0-15,69258,146278
58,4,15-20,19264,37818
58,4,20-25,60641,127869
58,4,30-35,51716,106903
58,4,35-40,31031,65627
58,4,40+,2691,5148
58,1,0-15,242,696
58,1,15-20,181,583
58,1,20-25,165,689
58,1,30-35,295,189
58,1,35-40,93,49
58,1,40+,53,381
58,5,0-15,12285,24481
58,5,15-20,4307,7971
58,5,20-25,11725,22361
58,5,30-35,14874,29184
58,5,35-40,6031,12204
58,5,40+,2602,5224
58,3,0-15,160,306
58,3,15-20,98,324
58,3,20-25,37,125
58,3,30-35,161,409
58,3,35-40,87,88
58,3,40+,38,165
58,2,0-15,113,356
58,2,15-20,37,129
58,2,20-25,172,87
58,2,30-35,7,26
58,2,35-40,50,401
58,2,40+,151,352
107,4,0-15,9637,19517
107,4,15-20,3365,6778
107,4,20-25,8938,18505
107,4,30-35,11703,23764
107,4,35-40,4913,9653
107,4,40+,2165,1046
107,1,0-15,22147,49854
107,1,15-20,32673,71029
107,1,20-25,7246,15840
107,1,30-35,30935,63669
107,1,35-40,17188,34175
107,1,40+,8805,2358
107,5,0-15,9,90
107,5,15-20,55,38
107,5,20-25,27,124
107,5,30-35,20,84
107,5,35-40,4,44
107,5,40+,31,11
107,3,0-15,195,1095
107,3,15-20,461,1191
107,3,20-25,648,451
107,3,30-35,141,1436
107,3,35-40,584,272
107,3,40+,25,576
107,2,0-15,459,1099
107,2,15-20,331,892
107,2,20-25,104,346
107,2,30-35,405,854
107,2,35-40,218,444
107,2,40+,23,46
92,4,0-15,29508,21408
92,4,15-20,9781,65350
92,4,20-25,42544,90237
92,4,30-35,39288,40073
92,4,35-40,20245,79130
92,4,40+,9718,18785
92,1,0-15,830,2119
92,1,15-20,470,596
92,1,20-25,525,1591
92,1,30-35,269,1060
92,1,35-40,794,1904
92,1,40+,207,556
92,5,0-15,4273,8522
92,5,15-20,1091,2142
92,5,20-25,3119,6463
92,5,30-35,3729,7381
92,5,35-40,2041,3933
92,5,40+,887,312
92,3,0-15,120,282
92,3,15-20,88,223
92,3,20-25,140,132
92,3,30-35,61,256
92,3,35-40,16,63
92,3,40+,32,9
92,2,0-15,43,329
92,2,15-20,36,89
92,2,20-25,130,125
92,2,30-35,92,309
92,2,35-40,145,183
92,2,40+,102,382
68,4,0-15,14578,35078
68,4,15-20,16471,31116
68,4,20-25,13207,9859
68,4,30-35,5218,26767
68,4,35-40,7608,16342
68,4,40+,739,1304
68,1,0-15,1150,2540
68,1,15-20,2443,4032
68,1,20-25,2125,5400
68,1,30-35,1930,4874
68,1,35-40,756,1512
68,1,40+,106,227
68,5,0-15,4859,24199
68,5,15-20,10145,10073
68,5,20-25,12359,19082
68,5,30-35,9941,20167
68,5,35-40,4216,7244
68,5,40+,2221,4563
68,3,0-15,58,124
68,3,15-20,24,252
68,3,20-25,84,73
68,3,30-35,88,176
68,3,35-40,96,195
68,3,40+,39,16
68,2,0-15,666,572
68,2,15-20,915,1483
68,2,20-25,261,401
68,2,30-35,794,1965
68,2,35-40,37,910
68,2,40+,185,1750
13,4,0-15,4403,9810
13,4,15-20,1028,8538
13,4,20-25,1331,2362
13,4,30-35,2233,3132
13,4,35-40,5245,4997
13,4,40+,3954,11410
13,1,0-15,86,212
13,1,15-20,67,76
13,1,20-25,33,249
13,1,30-35,87,98
13,1,35-40,32,235
13,1,40+,14,85
13,5,0-15,16339,35527
13,5,15-20,12718,29079
13,5,20-25,18476,40582
13,5,30-35,3924,9576
13,5,35-40,610,1412
13,5,40+,4100,18448
13,3,0-15,186,173
13,3,15-20,138,418
13,3,20-25,190,471
13,3,30-35,93,370
13,3,35-40,49,224
13,3,40+,10,27
13,2,0-15,155,558
13,2,15-20,111,148
13,2,20-25,213,398
13,2,30-35,49,30
13,2,35-40,72,266
13,2,40+,179,437
360,4,0-15,473,1059
360,4,15-20,670,608
360,4,20-25,179,1443
360,4,30-35,571,73
360,4,35-40,138,370
360,4,40+,282,1200
360,1,0-15,59,141
360,1,15-20,51,47
360,1,20-25,26,10
360,1,30-35,36,136
360,1,35-40,7,157
360,1,40+,2,64
360,5,0-15,1610,3235
360,5,15-20,540,3907
360,5,20-25,1530,1050
360,5,30-35,796,1558
360,5,35-40,1995,3084
360,5,40+,74,743
360,3,0-15,138087,266698
360,3,15-20,162761,326027
360,3,20-25,121984,129923
360,3,30-35,67712,247330
360,3,35-40,42523,83078
360,3,40+,5395,10121
360,2,0-15,182,366
360,2,15-20,252,639
360,2,20-25,139,647
360,2,30-35,160,197
360,2,35-40,36,560
360,2,40+,97,349
113,4,0-15,30342,58229
113,4,15-20,21982,13034
113,4,20-25,6885,49969
113,4,30-35,25469,41512
113,4,35-40,12285,24966
113,4,40+,830,10931
113,1,0-15,38463,51793
113,1,15-20,26347,69535
113,1,20-25,35512,76063
113,1,30-35,8221,16379
113,1,35-40,1125,2275
113,1,40+,18708,37306
113,5,0-15,1238,2433
113,5,15-20,305,550
113,5,20-25,937,2101
113,5,30-35,1030,1755
113,5,35-40,528,1069
113,5,40+,228,466
113,3,0-15,76,166
113,3,15-20,47,113
113,3,20-25,19,52
113,3,30-35,74,150
113,3,35-40,37,80
113,3,40+,2,7
113,2,0-15,1234,3660
113,2,15-20,1928,4148
113,2,20-25,398,2907
113,2,30-35,1785,1925
113,2,35-40,960,126
113,2,40+,457,928
235,4,0-15,1175,2596
235,4,15-20,795,1927
235,4,20-25,1091,628
235,4,30-35,653,672
235,4,35-40,271,2398
235,4,40+,324,1299
235,1,0-15,13,37
235,1,15-20,26,80
235,1,20-25,19,64
235,1,30-35,6,34
235,1,35-40,13,70
235,1,40+,3,5
235,5,0-15,628,505
235,5,15-20,898,2017
235,5,20-25,867,1513
235,5,30-35,33,1842
235,5,35-40,551,92
235,5,40+,178,1117
235,3,0-15,821,5732
235,3,15-20,2937,9921
235,3,20-25,2885,2378
235,3,30-35,4779,10572
235,3,35-40,4727,7245
235,3,40+,147,557
235,2,0-15,99741,159364
235,2,15-20,78810,229596
235,2,20-25,23567,205488
235,2,30-35,54614,48227
235,2,35-40,111516,109694
235,2,40+,28249,54734
147,4,0-15,224,101
147,4,15-20,117,505
147,4,20-25,250,350
147,4,30-35,31,441
147,4,35-40,142,253
147,4,40+,71,24
147,1,0-15,13,52
147,1,15-20,8,9
147,1,20-25,14,22
147,1,30-35,11,44
147,1,35-40,3,44
147,1,40+,5,16
147,5,0-15,8843,11276
147,5,15-20,8121,17338
147,5,20-25,5445,15429
147,5,30-35,4363,3164
147,5,35-40,1379,8213
147,5,40+,2206,4157
147,3,0-15,6868,4696
147,3,15-20,8658,13036
147,3,20-25,12861,26227
147,3,30-35,14175,16516
147,3,35-40,2219,24164
147,3,40+,3180,6251
147,2,0-15,49221,98981
147,2,15-20,71378,141813
147,2,20-25,76153,150725
147,2,30-35,14016,29168
147,2,35-40,40711,41746
147,2,40+,2243,79449
875,4,0-15,136832,263760
875,4,15-20,100881,238665
875,4,20-25,32787,186731
875,4,30-35,63680,8775
875,4,35-40,32724,59719
875,4,40+,119518,128672
875,1,0-15,1457,4668
875,1,15-20,2156,3392
875,1,20-25,792,4693
875,1,30-35,2148,1583
875,1,35-40,458,1077
875,1,40+,1313,2682
875,5,0-15,21431,14361
875,5,15-20,8049,47374
875,5,20-25,20344,38372
875,5,30-35,9696,38309
875,5,35-40,25917,18391
875,5,40+,4134,8022
875,3,0-15,543,1092
875,3,15-20,602,1250
875,3,20-25,458,945
875,3,30-35,305,327
875,3,35-40,147,620
875,3,40+,17,50
875,2,0-15,1623,3949
875,2,15-20,3623,11926
875,2,20-25,5799,3367
875,2,30-35,6803,16113
875,2,35-40,7783,14071
875,2,40+,1939,7227
35,4,0-15,4140,5623
35,4,15-20,2890,8726
35,4,20-25,2442,5464
35,4,30-35,4447,8900
35,4,35-40,118,290
35,4,40+,694,1618
35,1,0-15,88581,184752
35,1,15-20,20960,38345
35,1,20-25,60274,120531
35,1,30-35,94808,193524
35,1,35-40,3748,74420
35,1,40+,60589,6505
35,5,0-15,1043,2232
35,5,15-20,1182,1518
35,5,20-25,492,2249
35,5,30-35,785,853
35,5,35-40,617,1434
35,5,40+,164,452
35,3,0-15,97,302
35,3,15-20,123,40
35,3,20-25,95,267
35,3,30-35,61,295
35,3,35-40,58,202
35,3,40+,29,135
35,2,0-15,18203,34459
35,2,15-20,18214,35546
35,2,20-25,12155,24411
35,2,30-35,3914,7960
35,2,35-40,10559,10942
35,2,40+,6030,19803
98,4,0-15,39902,79212
98,4,15-20,27267,24297
98,4,20-25,57356,51332
98,4,30-35,12662,112528
98,4,35-40,52194,99475
98,4,40+,12285,24102
98,1,0-15,1178,1980
98,1,15-20,739,657
98,1,20-25,707,2739
98,1,30-35,1154,2510
98,1,35-40,240,1453
98,1,40+,50,110
98,5,0-15,612,1289
98,5,15-20,205,406
98,5,20-25,791,1523
98,5,30-35,229,443
98,5,35-40,867,1734
98,5,40+,422,785
98,3,0-15,81,79
98,3,15-20,114,200
98,3,20-25,104,174
98,3,30-35,47,16
98,3,35-40,32,240
98,3,40+,27,57
98,2,0-15,4745,10577
98,2,15-20,6989,14441
98,2,20-25,1574,3419
98,2,30-35,6421,12783
98,2,35-40,3450,6812
98,2,40+,1636,3154
102,4,0-15,13668,26718
102,4,15-20,16418,31376
102,4,20-25,3856,7557
102,4,30-35,12066,22824
102,4,35-40,3052,13576
102,4,40+,6653,6203
102,1,0-15,18192,69113
102,1,15-20,28157,52900
102,1,20-25,42042,78045
102,1,30-35,7718,15580
102,1,35-40,35793,36498
102,1,40+,8883,18068
102,5,0-15,360,1136
102,5,15-20,1074,641
102,5,20-25,1365,1888
102,5,30-35,1227,2480
102,5,35-40,529,2306
102,5,40+,279,584
102,3,0-15,46,33
102,3,15-20,38,6
102,3,20-25,26,100
102,3,30-35,16,71
102,3,35-40,29,76
102,3,40+,2,50
102,2,0-15,80,186
102,2,15-20,52,195
102,2,20-25,72,132
102,2,30-35,64,75
102,2,35-40,34,16
102,2,40+,17,63
27,4,0-15,17835,10795
27,4,15-20,27024,53470
27,4,20-25,7024,34973
27,4,30-35,27697,50276
27,4,35-40,5158,13633
27,4,40+,14706,27179
27,1,0-15,1534,3193
27,1,15-20,938,2308
27,1,20-25,1466,3078
27,1,30-35,879,803
27,1,35-40,315,1774
27,1,40+,503,145
27,5,0-15,7716,17967
27,5,15-20,8090,13940
27,5,20-25,340,14366
27,5,30-35,2845,638
27,5,35-40,3695,5315
27,5,40+,9956,6644
27,3,0-15,296,590
27,3,15-20,164,473
27,3,20-25,270,38
27,3,30-35,173,165
27,3,35-40,90,193
27,3,40+,44,580
27,2,0-15,1515,3225
27,2,15-20,1604,3588
27,2,20-25,1079,149
27,2,30-35,348,1023
27,2,35-40,406,2873
27,2,40+,58,1611
14,4,0-15,47350,95588
14,4,15-20,31092,58254
14,4,20-25,7754,97878
14,4,30-35,25556,15216
14,4,35-40,12980,52546
14,4,40+,51120,26734
14,1,0-15,2691,5318
14,1,15-20,1755,5771
14,1,20-25,2775,3397
14,1,30-35,1013,1988
14,1,35-40,531,3344
14,1,40+,1599,1017
14,5,0-15,135,273
14,5,15-20,3190,5999
14,5,20-25,1016,7752
14,5,30-35,1855,1857
14,5,35-40,3794,8744
14,5,40+,4491,3671
14,3,0-15,376,767
14,3,15-20,165,333
14,3,20-25,555,240
14,3,30-35,521,1197
14,3,35-40,111,1108
14,3,40+,297,655
14,2,0-15,392,3981
14,2,15-20,1277,851
14,2,20-25,1983,2704
14,2,30-35,1064,4084
14,2,35-40,1888,1167
14,2,40+,545,2189
15,4,0-15,196,51
15,4,15-20,320,548
15,4,20-25,299,700
15,4,30-35,156,667
15,4,35-40,63,367
15,4,40+,79,208
15,1,0-15,14,88
15,1,15-20,29,76
15,1,20-25,13,59
15,1,30-35,15,43
15,1,35-40,6,24
15,1,40+,2,37
15,5,0-15,1219,2406
15,5,15-20,267,2666
15,5,20-25,1081,1984
15,5,30-35,812,726
15,5,35-40,37,1284
15,5,40+,626,120
15,3,0-15,134648,216821
15,3,15-20,151567,271264
15,3,20-25,107764,302901
15,3,30-35,34461,72613
15,3,35-40,68985,138927
15,3,40+,32649,65134
15,2,0-15,275,756
15,2,15-20,60,442
15,2,20-25,281,802
15,2,30-35,90,211
15,2,35-40,168,406
15,2,40+,171,737
72,4,0-15,1487,3096
72,4,15-20,339,2257
72,4,20-25,1001,742
72,4,30-35,1272,2529
72,4,35-40,661,1191
72,4,40+,285,528
72,1,0-15,8271,15788
72,1,15-20,8973,11643
72,1,20-25,5622,17522
72,1,30-35,4502,8254
72,1,35-40,1570,3415
72,1,40+,2083,4025
72,5,0-15,447,834
72,5,15-20,335,635
72,5,20-25,361,714
72,5,30-35,138,273
72,5,35-40,168,283
72,5,40+,11,24
72,3,0-15,5,20
72,3,15-20,8,20
72,3,20-25,10,19
72,3,30-35,2,9
72,3,35-40,3,13
72,3,40+,2,9
72,2,0-15,206,474
72,2,15-20,51,92
72,2,20-25,194,340
72,2,30-35,120,415
72,2,35-40,110,218
72,2,40+,32,13
37,4,0-15,78,181
37,4,15-20,40,126
37,4,20-25,86,226
37,4,30-35,56,87
37,4,35-40,20,202
37,4,40+,27,21
37,1,0-15,15,46
37,1,15-20,4,35
37,1,20-25,5,25
37,1,30-35,4,31
37,1,35-40,6,38
37,1,40+,18,5
37,5,0-15,187,454
37,5,15-20,177,412
37,5,20-25,105,189
37,5,30-35,101,398
37,5,35-40,7,198
37,5,40+,49,44
37,3,0-15,98,333
37,3,15-20,149,359
37,3,20-25,129,213
37,3,30-35,44,375
37,3,35-40,78,99
37,3,40+,23,174
37,2,0-15,46323,18946
37,2,15-20,30461,89139
37,2,20-25,8078,62615
37,2,30-35,40422,77624
37,2,35-40,20837,2755
37,2,40+,9185,39336
16,4,0-15,1154,2467
16,4,15-20,855,1105
16,4,20-25,999,1893
16,4,30-35,236,2023
16,4,35-40,538,626
16,4,40+,243,511
16,1,0-15,22,116
16,1,15-20,26,47
16,1,20-25,41,180
16,1,30-35,29,127
16,1,35-40,19,232
16,1,40+,6,67
16,5,0-15,217,1606
16,5,15-20,728,608
16,5,20-25,1010,2088
16,5,30-35,860,1797
16,5,35-40,453,872
16,5,40+,30,136
16,3,0-15,231,672
16,3,15-20,293,735
16,3,20-25,69,396
16,3,30-35,294,615
16,3,35-40,137,301
16,3,40+,75,167
16,2,0-15,83959,37877
16,2,15-20,61010,166086
16,2,20-25,19292,119505
16,2,30-35,73076,5412
16,2,35-40,37897,144255
16,2,40+,2733,74393
50,4,0-15,5453,10702
50,4,15-20,3452,6867
50,4,20-25,7432,14673
50,4,30-35,6725,13182
50,4,35-40,1746,3547
50,4,40+,1774,3441
50,1,0-15,23,95
50,1,15-20,40,24
50,1,20-25,53,52
50,1,30-35,22,111
50,1,35-40,2,113
50,1,40+,16,8
50,5,0-15,46977,86886
50,5,15-20,40683,19087
50,5,20-25,9511,75909
50,5,30-35,32890,61506
50,5,35-40,20354,38934
50,5,40+,1328,2732
50,3,0-15,1478,2916
50,3,15-20,4641,11939
50,3,20-25,6329,8639
50,3,30-35,2765,10655
50,3,35-40,5544,5468
50,3,40+,1289,458
50,2,0-15,37086,75377
50,2,15-20,56813,105733
50,2,20-25,67878,137208
50,2,30-35,77684,149597
50,2,35-40,18274,33012
50,2,40+,2573,38189
517,4,0-15,13322,28143
517,4,15-20,16694,35258
517,4,20-25,14043,29641
517,4,30-35,4903,9942
517,4,35-40,7117,14906
517,4,40+,3129,6531
517,1,0-15,2109,4205
517,1,15-20,580,4899
517,1,20-25,1704,2560
517,1,30-35,2287,1427
517,1,35-40,1165,5556
517,1,40+,106,1328
517,5,0-15,140316,91405
517,5,15-20,126338,285329
517,5,20-25,167627,264456
517,5,30-35,45009,343820
517,5,35-40,68142,139413
517,5,40+,29492,11952
517,3,0-15,608,1289
517,3,15-20,558,596
517,3,20-25,273,1205
517,3,30-35,659,1492
517,3,35-40,140,90
517,3,40+,288,613
517,2,0-15,3908,8636
517,2,15-20,1922,10638
517,2,20-25,4885,4192
517,2,30-35,209,432
517,2,35-40,3769,2962
517,2,40+,1328,8290
134,4,0-15,248,694
134,4,15-20,318,507
134,4,20-25,299,180
134,4,30-35,15,629
134,4,35-40,110,24
134,4,40+,80,227
134,1,0-15,13,142
134,1,15-20,16,118
134,1,20-25,14,58
134,1,30-35,8,42
134,1,35-40,10,111
134,1,40+,4,37
134,5,0-15,26622,37758
134,5,15-20,18426,55877
134,5,20-25,6115,53265
134,5,30-35,24872,12385
134,5,35-40,7564,15881
134,5,40+,14077,30018
134,3,0-15,596,469
134,3,15-20,849,1354
134,3,20-25,535,1900
134,3,30-35,889,1892
134,3,35-40,193,1083
134,3,40+,299,609
134,2,0-15,2409,4892
134,2,15-20,2138,4428
134,2,20-25,2042,3887
134,2,30-35,732,1493
134,2,35-40,89,218
134,2,40+,1088,2371
223,4,0-15,25316,35626
223,4,15-20,17874,51761
223,4,20-25,5471,10548
223,4,30-35,23173,1547
223,4,35-40,12649,47656
223,4,40+,801,26005
223,1,0-15,100,399
223,1,15-20,118,241
223,1,20-25,201,123
223,1,30-35,177,521
223,1,35-40,35,501
223,1,40+,80,155
223,5,0-15,586,1197
223,5,15-20,892,1766
223,5,20-25,193,413
223,5,30-35,205,425
223,5,35-40,745,1538
223,5,40+,434,858
223,3,0-15,1344,2529
223,3,15-20,1711,3336
223,3,20-25,453,2794
223,3,30-35,702,858
223,3,35-40,1417,1385
223,3,40+,47,116
223,2,0-15,9036,18977
223,2,15-20,4248,8912
223,2,20-25,6449,558
223,2,30-35,2070,13610
223,2,35-40,7997,4298
223,2,40+,266,4345
163,4,0-15,181,411
163,4,15-20,238,569
163,4,20-25,268,498
163,4,30-35,13,123
163,4,35-40,49,26
163,4,40+,141,274
163,1,0-15,14407,8983
163,1,15-20,11296,25095
163,1,20-25,4016,29413
163,1,30-35,11811,22879
163,1,35-40,5921,12632
163,1,40+,2857,5987
163,5,0-15,18392,36462
163,5,15-20,15852,31908
163,5,20-25,3562,16198
163,5,30-35,12338,8478
163,5,35-40,7973,25520
163,5,40+,3997,8041
163,3,0-15,463,924
163,3,15-20,370,762
163,3,20-25,521,1080
163,3,30-35,103,535
163,3,35-40,250,280
163,3,40+,122,233
163,2,0-15,2471,4721
163,2,15-20,657,3405
163,2,20-25,1816,1107
163,2,30-35,2007,1218
163,2,35-40,1033,4101
163,2,40+,95,2128
91,4,0-15,501,851
91,4,15-20,743,1696
91,4,20-25,405,1553
91,4,30-35,762,1206
91,4,35-40,166,440
91,4,40+,221,439
91,1,0-15,23095,47917
91,1,15-20,21230,36349
91,1,20-25,17092,42798
91,1,30-35,6024,13350
91,1,35-40,11080,22307
91,1,40+,794,1818
91,5,0-15,36141,74713
91,5,15-20,9791,67105
91,5,20-25,17993,20444
91,5,30-35,33591,57091
91,5,35-40,27169,35468
91,5,40+,8955,17932
91,3,0-15,53,183
91,3,15-20,61,149
91,3,20-25,73,194
91,3,30-35,14,83
91,3,35-40,58,16
91,3,40+,30,98
91,2,0-15,155,289
91,2,15-20,94,115
91,2,20-25,89,369
91,2,30-35,141,336
91,2,35-40,35,184
91,2,40+,58,108
44,4,0-15,1008,1952
44,4,15-20,725,1873
44,4,20-25,1140,2368
44,4,30-35,475,629
44,4,35-40,195,903
44,4,40+,228,417
44,1,0-15,1999,3877
44,1,15-20,1372,2764
44,1,20-25,889,863
44,1,30-35,1744,1654
44,1,35-40,403,3300
44,1,40+,73,130
44,5,0-15,267,453
44,5,15-20,290,611
44,5,20-25,320,622
44,5,30-35,90,264
44,5,35-40,101,177
44,5,40+,12,47
44,3,0-15,127,294
44,3,15-20,76,164
44,3,20-25,22,256
44,3,30-35,119,228
44,3,35-40,24,53
44,3,40+,49,91
44,2,0-15,7081,49541
44,2,15-20,26307,15249
44,2,20-25,31707,61246
44,2,30-35,22853,46216
44,2,35-40,12958,10428
44,2,40+,5507,23835
17,4,0-15,89447,175774
17,4,15-20,18687,37317
17,4,20-25,59770,172189
17,4,30-35,87754,117346
17,4,35-40,57171,109961
17,4,40+,38310,72366
17,1,0-15,5262,11204
17,1,15-20,5521,496
17,1,20-25,3844,11506
17,1,30-35,2675,8175
17,1,35-40,3632,2868
17,1,40+,1195,7407
17,5,0-15,7180,3069
17,5,15-20,4703,14083
17,5,20-25,7436,13814
17,5,30-35,3373,9446
17,5,35-40,4981,6150
17,5,40+,1431,9042
17,3,0-15,1466,4355
17,3,15-20,1289,3040
17,3,20-25,1927,2885
17,3,30-35,2111,4092
17,3,35-40,416,1084
17,3,40+,1066,2049
17,2,0-15,8588,17051
17,2,15-20,9132,17757
17,2,20-25,5401,11723
17,2,30-35,5970,11402
17,2,35-40,4179,3808
17,2,40+,1688,7309
412,4,0-15,448,1060
412,4,15-20,253,855
412,4,20-25,383,297
412,4,30-35,82,1154
412,4,35-40,247,53
412,4,40+,155,321
412,1,0-15,46,157
412,1,15-20,30,116
412,1,20-25,20,55
412,1,30-35,4,10
412,1,35-40,27,142
412,1,40+,1,55
412,5,0-15,33,329
412,5,15-20,144,416
412,5,20-25,144,121
412,5,30-35,79,35
412,5,35-40,77,356
412,5,40+,55,205
412,3,0-15,269,717
412,3,15-20,133,877
412,3,20-25,342,160
412,3,30-35,138,373
412,3,35-40,194,825
412,3,40+,60,282
412,2,0-15,68094,146493
412,2,15-20,96635,204854
412,2,20-25,23025,38260
412,2,30-35,43332,86882
412,2,35-40,86876,176321
412,2,40+,3297,47523
18,4,0-15,2579,5350
18,4,15-20,696,4687
18,4,20-25,2158,1387
18,4,30-35,2080,4006
18,4,35-40,97,218
18,4,40+,1182,2475
18,1,0-15,318,815
18,1,15-20,120,202
18,1,20-25,209,941
18,1,30-35,362,244
18,1,35-40,229,614
18,1,40+,68,41
18,5,0-15,16348,31345
18,5,15-20,13347,26628
18,5,20-25,6567,23552
18,5,30-35,4756,13652
18,5,35-40,12808,7933
18,5,40+,677,1135
18,3,0-15,106613,253500
18,3,15-20,145306,199889
18,3,20-25,4821,282767
18,3,30-35,124923,8922
18,3,35-40,66569,61211
18,3,40+,34342,136835
18,2,0-15,488,227
18,2,15-20,343,1441
18,2,20-25,499,1203
18,2,30-35,119,1286
18,2,35-40,191,577
18,2,40+,326,719
48,4,0-15,21028,41559
48,4,15-20,4348,8876
48,4,20-25,9521,28970
48,4,30-35,14625,19726
48,4,35-40,18481,9635
48,4,40+,632,37665
48,1,0-15,54000,150180
48,1,15-20,35045,104626
48,1,20-25,66844,134182
48,1,30-35,77230,71046
48,1,35-40,16717,33217
48,1,40+,2424,4787
48,5,0-15,372,963
48,5,15-20,480,1060
48,5,20-25,127,305
48,5,30-35,235,867
48,5,35-40,514,510
48,5,40+,108,216
48,3,0-15,87,229
48,3,15-20,100,256
48,3,20-25,92,33
48,3,30-35,23,104
48,3,35-40,54,216
48,3,40+,31,121
48,2,0-15,734,1171
48,2,15-20,423,1518
48,2,20-25,1683,3128
48,2,30-35,1520,3109
48,2,35-40,1247,3846
48,2,40+,41,137
23,4,0-15,34448,21435
23,4,15-20,39857,66995
23,4,20-25,45506,94316
23,4,30-35,11902,85228
23,4,35-40,1875,46756
23,4,40+,11648,3339
23,1,0-15,1288,4803
23,1,15-20,889,8407
23,1,20-25,2243,7992
23,1,30-35,3700,2715
23,1,35-40,3614,6020
23,1,40+,2599,1999
23,5,0-15,3503,6917
23,5,15-20,1282,2287
23,5,20-25,4232,8281
23,5,30-35,3351,6321
23,5,35-40,808,1657
23,5,40+,1726,364
23,3,0-15,160,300
23,3,15-20,146,337
23,3,20-25,119,268
23,3,30-35,44,114
23,3,35-40,38,21
23,3,40+,83,94
23,2,0-15,58,20
23,2,15-20,73,185
23,2,20-25,88,91
23,2,30-35,17,227
23,2,35-40,46,206
23,2,40+,29,108
4,4,0-15,629,724
4,4,15-20,704,1330
4,4,20-25,439,375
4,4,30-35,134,1555
4,4,35-40,388,1069
4,4,40+,17,359
4,1,0-15,236,501
4,1,15-20,275,667
4,1,20-25,92,645
4,1,30-35,157,365
4,1,35-40,143,25
4,1,40+,48,189
4,5,0-15,25490,56309
4,5,15-20,31616,2603
4,5,20-25,36663,63911
4,5,30-35,8046,75858
4,5,35-40,15575,18955
4,5,40+,1092,31055
4,3,0-15,521,1355
4,3,15-20,781,473
4,3,20-25,774,1862
4,3,30-35,255,1676
4,3,35-40,150,82
4,3,40+,476,545
4,2,0-15,238,619
4,2,15-20,1122,1187
4,2,20-25,1122,2493
4,2,30-35,767,2308
4,2,35-40,303,1841
4,2,40+,565,596
29,4,0-15,449,945
29,4,15-20,173,374
29,4,20-25,578,1237
29,4,30-35,620,1340
29,4,35-40,120,282
29,4,40+,313,648
29,1,0-15,2235,4598
29,1,15-20,6624,14446
29,1,20-25,9239,21411
29,1,30-35,8990,20396
29,1,35-40,5272,11507
29,1,40+,388,777
29,5,0-15,2270,6613
29,5,15-20,757,4588
29,5,20-25,2906,1428
29,5,30-35,3208,5909
29,5,35-40,133,3324
29,5,40+,1653,242
29,3,0-15,95058,192251
29,3,15-20,64333,128795
29,3,20-25,20307,49200
29,3,30-35,50069,38918
29,3,35-40,90118,178154
29,3,40+,3199,96730
29,2,0-15,6916,3484
29,2,15-20,5153,14786
29,2,20-25,1834,10315
29,2,30-35,6244,13567
29,2,35-40,297,7139
29,2,40+,1834,690
77,4,0-15,56510,126326
77,4,15-20,65189,107305
77,4,20-25,46652,93120
77,4,30-35,2032,4302
77,4,35-40,28228,53532
77,4,40+,15241,31651
77,1,0-15,80394,232371
77,1,15-20,59366,154912
77,1,20-25,22608,110692
77,1,30-35,124990,45608
77,1,35-40,114012,210143
77,1,40+,28157,53649
77,5,0-15,2178,3288
77,5,15-20,556,1142
77,5,20-25,1675,4256
77,5,30-35,1883,3563
77,5,35-40,400,792
77,5,40+,865,1691
77,3,0-15,74,170
77,3,15-20,106,277
77,3,20-25,186,324
77,3,30-35,129,344
77,3,35-40,33,102
77,3,40+,51,98
77,2,0-15,592,1420
77,2,15-20,547,362
77,2,20-25,413,1273
77,2,30-35,108,1083
77,2,35-40,338,65
77,2,40+,17,406
6,4,0-15,9051,91134
6,4,15-20,48512,17521
6,4,20-25,32336,60173
6,4,30-35,42546,85096
6,4,35-40,22835,47565
6,4,40+,12011,2583
6,1,0-15,151,1691
6,1,15-20,428,379
6,1,20-25,765,1573
6,1,30-35,512,923
6,1,35-40,715,1215
6,1,40+,232,519
6,5,0-15,789,3113
6,5,15-20,391,3384
6,5,20-25,1844,1699
6,5,30-35,403,747
6,5,35-40,1610,829
6,5,40+,1331,2471
6,3,0-15,318,682
6,3,15-20,205,394
6,3,20-25,321,511
6,3,30-35,107,694
6,3,35-40,196,222
6,3,40+,71,161
6,2,0-15,96,206
6,2,15-20,216,724
6,2,20-25,310,546
6,2,30-35,184,366
6,2,35-40,310,663
6,2,40+,70,167
110,4,0-15,2757,4919
110,4,15-20,3121,5852
110,4,20-25,2432,6622
110,4,30-35,871,1685
110,4,35-40,825,3277
110,4,40+,116,1641
110,1,0-15,53,39
110,1,15-20,53,140
110,1,20-25,23,148
110,1,30-35,35,97
110,1,35-40,24,78
110,1,40+,8,4
110,5,0-15,26270,11721
110,5,15-20,17764,55043
110,5,20-25,24182,38154
110,5,30-35,12971,49502
110,5,35-40,5386,25600
110,5,40+,803,1712
110,3,0-15,52051,106682
110,3,15-20,26025,54221
110,3,20-25,12455,24241
110,3,30-35,36577,98298
110,3,35-40,47730,73589
110,3,40+,1804,28440
110,2,0-15,833,2189
110,2,15-20,284,776
110,2,20-25,1182,2928
110,2,30-35,1147,146
110,2,35-40,752,2669
110,2,40+,434,1583
67,4,0-15,33824,70155
67,4,15-20,17266,50815
67,4,20-25,31782,32917
67,4,30-35,7255,62334
67,4,35-40,23230,16566
67,4,40+,8279,2410
67,1,0-15,391,287
67,1,15-20,292,853
67,1,20-25,389,856
67,1,30-35,125,532
67,1,35-40,77,1019
67,1,40+,249,224
67,5,0-15,2738,4067
67,5,15-20,1789,1404
67,5,20-25,2261,5471
67,5,30-35,553,2290
67,5,35-40,541,4476
67,5,40+,103,1057
67,3,0-15,69020,156111
67,3,15-20,20767,225402
67,3,20-25,109464,47337
67,3,30-35,105563,6662
67,3,35-40,56650,201266
67,3,40+,3250,104816
67,2,0-15,52,415
67,2,15-20,251,781
67,2,20-25,151,204
67,2,30-35,304,886
67,2,35-40,197,751
67,2,40+,123,395
45,4,0-15,2527,5138
45,4,15-20,2565,5380
45,4,20-25,1840,3627
45,4,30-35,1502,3051
45,4,35-40,601,1169
45,4,40+,937,1914
45,1,0-15,30,182
45,1,15-20,6,45
45,1,20-25,58,178
45,1,30-35,65,148
45,1,35-40,46,122
45,1,40+,26,16
45,5,0-15,49360,166937
45,5,15-20,85025,162027
45,5,20-25,55224,95057
45,5,30-35,28304,107245
45,5,35-40,82520,53789
45,5,40+,15475,30342
45,3,0-15,8354,16549
45,3,15-20,8216,16698
45,3,20-25,5625,9922
45,3,30-35,1634,3177
45,3,35-40,5004,10708
45,3,40+,252,510
45,2,0-15,11435,8152
45,2,15-20,11201,23696
45,2,20-25,2613,23593
45,2,30-35,6700,5379
45,2,35-40,8115,13825
45,2,40+,4218,16957
161,4,0-15,679,1300
161,4,15-20,368,834
161,4,20-25,626,284
161,4,30-35,450,1289
161,4,35-40,229,740
161,4,40+,145,474
161,1,0-15,10,16
161,1,15-20,6,3
161,1,20-25,7,21
161,1,30-35,7,31
161,1,35-40,3,24
161,1,40+,7,29
161,5,0-15,17772,21483
161,5,15-20,11658,33780
161,5,20-25,5501,11315
161,5,30-35,16992,33401
161,5,35-40,3561,6366
161,5,40+,9474,19187
161,3,0-15,1044,2147
161,3,15-20,228,507
161,3,20-25,1123,2306
161,3,30-35,656,1392
161,3,35-40,778,1490
161,3,40+,421,914
161,2,0-15,8179,14432
161,2,15-20,37221,71811
161,2,20-25,26083,46400
161,2,30-35,36066,69898
161,2,35-40,20680,42828
161,2,40+,12513,25733
711,4,0-15,205,409
711,4,15-20,873,1841
711,4,20-25,685,1772
711,4,30-35,957,1336
711,4,35-40,475,567
711,4,40+,279,1029
711,1,0-15,24,59
711,1,15-20,38,94
711,1,20-25,26,65
711,1,30-35,19,93
711,1,35-40,15,4
711,1,40+,9,25
711,5,0-15,111861,193841
711,5,15-20,80638,212477
711,5,20-25,51273,149093
711,5,30-35,25676,103326
711,5,35-40,98598,47221
711,5,40+,25082,50804
711,3,0-15,325,765
711,3,15-20,549,1164
711,3,20-25,117,680
711,3,30-35,317,277
711,3,35-40,186,400
711,3,40+,505,1104
711,2,0-15,157,9049
711,2,15-20,4480,304
711,2,20-25,3164,6191
711,2,30-35,4162,8727
711,2,35-40,951,1930
711,2,40+,2426,5111
254,4,0-15,995,2159
254,4,15-20,671,1601
254,4,20-25,993,514
254,4,30-35,201,2022
254,4,35-40,543,74
254,4,40+,330,620
254,1,0-15,73846,144473
254,1,15-20,14284,98963
254,1,20-25,67970,30470
254,1,30-35,48934,132243
254,1,35-40,2139,4508
254,1,40+,36028,70614
254,5,0-15,1667,3014
254,5,15-20,368,3337
254,5,20-25,1175,2445
254,5,30-35,1563,813
254,5,35-40,862,1642
254,5,40+,56,121
254,3,0-15,44,119
254,3,15-20,65,174
254,3,20-25,77,49
254,3,30-35,81,119
254,3,35-40,26,165
254,3,40+,19,46
254,2,0-15,367,931
254,2,15-20,580,1319
254,2,20-25,597,1176
254,2,30-35,318,314
254,2,35-40,117,660
254,2,40+,16,47
234,4,0-15,3355,7123
234,4,15-20,709,3298
234,4,20-25,3084,1636
234,4,30-35,2307,6282
234,4,35-40,1647,5095
234,4,40+,115,259
234,1,0-15,116738,169415
234,1,15-20,26780,238019
234,1,20-25,83067,55144
234,1,30-35,104147,212887
234,1,35-40,55346,112725
234,1,40+,26874,54881
234,5,0-15,1294,9268
234,5,15-20,4680,2525
234,5,20-25,3547,7257
234,5,30-35,2013,3944
234,5,35-40,4114,7904
234,5,40+,881,1747
234,3,0-15,60,119
234,3,15-20,116,75
234,3,20-25,72,250
234,3,30-35,32,172
234,3,35-40,101,17
234,3,40+,19,221
234,2,0-15,62,466
234,2,15-20,251,471
234,2,20-25,201,170
234,2,30-35,101,559
234,2,35-40,172,239
234,2,40+,78,149
112,4,0-15,925,3758
112,4,15-20,4255,1818
112,4,20-25,3264,7973
112,4,30-35,1159,6157
112,4,35-40,3502,2345
112,4,40+,1873,7008
112,1,0-15,6,28
112,1,15-20,8,21
112,1,20-25,6,33
112,1,30-35,3,20
112,1,35-40,2,9
112,5,0-15,80033,150655
112,5,15-20,112459,50690
112,5,20-25,24246,95322
112,5,30-35,96230,210932
112,5,35-40,23457,186823
112,5,40+,48621,45681
112,3,0-15,799,1493
112,3,15-20,790,1158
112,3,20-25,598,1548
112,3,30-35,199,399
112,3,35-40,225,812
112,3,40+,31,456
112,2,0-15,261,548
112,2,15-20,346,723
112,2,20-25,109,213
112,2,30-35,324,686
112,2,35-40,218,420
112,2,40+,101,38
8,4,0-15,13607,28208
8,4,15-20,11450,23088
8,4,20-25,4192,31646
8,4,30-35,15212,7907
8,4,35-40,7144,14213
8,4,40+,3333,6474
8,1,0-15,14,62
8,1,15-20,12,21
8,1,20-25,19,19
8,1,30-35,6,53
8,1,35-40,4,47
8,5,0-15,60309,136330
8,5,15-20,47575,118464
8,5,20-25,68190,59633
8,5,30-35,14172,93689
8,5,35-40,30542,27885
8,5,40+,13942,26740
8,3,0-15,568,1625
8,3,15-20,781,1151
8,3,20-25,183,391
8,3,30-35,378,738
8,3,35-40,190,1440
8,3,40+,722,50
8,2,0-15,117,300
8,2,15-20,72,27
8,2,20-25,50,256
8,2,30-35,92,94
8,2,35-40,26,138
8,2,40+,40,254
106,4,0-15,29404,58084
106,4,15-20,40078,78972
106,4,20-25,9128,18106
106,4,30-35,1361,18497
106,4,35-40,35260,2652
106,4,40+,18504,70943
106,1,0-15,47958,92426
106,1,15-20,32503,87299
106,1,20-25,9521,62526
106,1,30-35,44473,18514
106,1,35-40,12595,48485
106,1,40+,24187,2882
106,5,0-15,1291,2695
106,5,15-20,319,645
106,5,20-25,321,1941
106,5,30-35,1131,606
106,5,35-40,957,2363
106,5,40+,590,1242
106,3,0-15,54,221
106,3,15-20,69,246
106,3,20-25,95,125
106,3,30-35,98,214
106,3,35-40,18,65
106,3,40+,43,79
106,2,0-15,558,1269
106,2,15-20,373,990
106,2,20-25,599,1391
106,2,30-35,361,719
106,2,35-40,114,306
106,2,40+,228,52
19,4,0-15,28662,56252
19,4,15-20,1147,13795
19,4,20-25,20945,40440
19,4,30-35,7443,51105
19,4,35-40,26260,26966
19,4,40+,13852,2008
19,1,0-15,88767,172892
19,1,15-20,20200,38745
19,1,20-25,82736,163997
19,1,30-35,62675,94231
19,1,35-40,47064,122382
19,1,40+,24982,49987
19,5,0-15,718,551
19,5,15-20,258,1496
19,5,20-25,1037,1719
19,5,30-35,881,2026
19,5,35-40,44,78
19,5,40+,472,901
19,3,0-15,64,163
19,3,15-20,78,16
19,3,20-25,45,193
19,3,30-35,44,165
19,3,35-40,15,91
19,3,40+,22,48
19,2,0-15,211,563
19,2,15-20,309,191
19,2,20-25,51,649
19,2,30-35,273,680
19,2,35-40,149,316
19,2,40+,96,171
498,4,0-15,98,230
498,4,15-20,99,180
498,4,20-25,21,243
498,4,30-35,64,134
498,4,35-40,28,51
498,4,40+,73,69
498,1,0-15,8,12
498,1,15-20,17,40
498,1,20-25,8,24
498,1,30-35,3,13
498,1,35-40,12,45
498,1,40+,2,33
498,5,0-15,450,231
498,5,15-20,345,986
498,5,20-25,107,881
498,5,30-35,409,484
498,5,35-40,222,739
498,5,40+,119,258
498,3,0-15,36656,77022
498,3,15-20,38729,56749
498,3,20-25,27214,81867
498,3,30-35,8875,41723
498,3,35-40,10806,17929
498,3,40+,20228,21712
498,2,0-15,87,349
498,2,15-20,37,402
498,2,20-25,139,334
498,2,30-35,147,153
498,2,35-40,67,173
498,2,40+,35,67
101,4,0-15,65,442
101,4,15-20,204,164
101,4,20-25,254,541
101,4,30-35,296,597
101,4,35-40,149,330
101,4,40+,89,195
101,1,0-15,11,40
101,1,15-20,4,19
101,1,20-25,6,13
101,1,30-35,12,10
101,1,35-40,12,31
101,1,40+,3,26
101,5,0-15,29945,60611
101,5,15-20,7597,14147
101,5,20-25,16548,33634
101,5,30-35,32007,63612
101,5,35-40,22787,43118
101,5,40+,8849,17898
101,3,0-15,538,3851
101,3,15-20,1452,1161
101,3,20-25,1005,2975
101,3,30-35,1849,2201
101,3,35-40,1846,3893
101,3,40+,677,242
101,2,0-15,57991,102133
101,2,15-20,20660,141312
101,2,20-25,74245,35801
101,2,30-35,36412,135451
101,2,35-40,66005,76965
101,2,40+,20267,41705
5,4,0-15,2408,6280
5,4,15-20,3007,5226
5,4,20-25,2565,5304
5,4,30-35,860,1932
5,4,35-40,1211,2516
5,4,40+,138,289
5,1,0-15,29004,61043
5,1,15-20,7446,45858
5,1,20-25,22054,15620
5,1,30-35,6353,53101
5,1,35-40,25260,13439
5,1,40+,13189,27509
5,5,0-15,1448,2989
5,5,15-20,1690,3858
5,5,20-25,1912,3386
5,5,30-35,505,1029
5,5,35-40,447,1788
5,5,40+,900,149
5,3,0-15,103,345
5,3,15-20,40,248
5,3,20-25,153,15
5,3,30-35,149,92
5,3,35-40,94,84
5,3,40+,36,179
5,2,0-15,290,545
5,2,15-20,213,672
5,2,20-25,127,192
5,2,30-35,263,579
5,2,35-40,10,278
5,2,40+,77,30
157,4,0-15,30674,65874
157,4,15-20,21353,59682
157,4,20-25,28074,45601
157,4,30-35,6798,14389
157,4,35-40,15188,32194
157,4,40+,1089,2158
157,1,0-15,358,1272
157,1,15-20,573,1629
157,1,20-25,567,489
157,1,30-35,342,1444
157,1,35-40,122,834
157,1,40+,20,465
157,5,0-15,186134,377205
157,5,15-20,42497,333937
157,5,20-25,134518,85596
157,5,30-35,162217,270619
157,5,35-40,84781,12196
157,5,40+,6252,174340
157,3,0-15,14039,29330
157,3,15-20,19924,20419
157,3,20-25,4602,41563
157,3,30-35,722,38291
157,3,35-40,18515,1334
157,3,40+,9952,9427
157,2,0-15,353,1166
157,2,15-20,113,768
157,2,20-25,513,452
157,2,30-35,495,1457
157,2,35-40,335,1301
157,2,40+,184,130
777,4,0-15,59603,123682
777,4,15-20,41677,88938
777,4,20-25,14709,110444
777,4,30-35,13618,30087
777,4,35-40,28824,28909
777,4,40+,54232,58194
777,1,0-15,583,1784
777,1,15-20,914,1225
777,1,20-25,207,2188
777,1,30-35,582,2362
777,1,35-40,882,680
777,1,40+,309,119
777,5,0-15,36743,319043
777,5,15-20,112985,79696
777,5,20-25,142652,236098
777,5,30-35,159354,279784
777,5,35-40,75203,146969
777,5,40+,5225,10948
777,3,0-15,435,1130
777,3,15-20,1851,4130
777,3,20-25,537,3175
777,3,30-35,1893,1111
777,3,35-40,1311,3785
777,3,40+,1055,2121
777,2,0-15,388,1258
777,2,15-20,255,958
777,2,20-25,401,413
777,2,30-35,166,579
777,2,35-40,245,1052
777,2,40+,18,84
83,4,0-15,26903,58191
83,4,15-20,16496,28891
83,4,20-25,69818,131535
83,4,30-35,55565,113237
83,4,35-40,53266,94165
83,4,40+,12576,27242
83,1,0-15,438,988
83,1,15-20,547,1241
83,1,20-25,570,1178
83,1,30-35,285,615
83,1,35-40,116,315
83,1,40+,163,327
83,5,0-15,2922,4035
83,5,15-20,2332,5437
83,5,20-25,746,4296
83,5,30-35,2160,1310
83,5,35-40,466,1029
83,5,40+,91,183
83,3,0-15,144,118
83,3,15-20,117,396
83,3,20-25,42,323
83,3,30-35,172,437
83,3,35-40,192,245
83,3,40+,56,105
83,2,0-15,193,402
83,2,15-20,138,476
83,2,20-25,110,508
83,2,30-35,49,237
83,2,35-40,197,137
83,2,40+,70,143
350,4,0-15,233,742
350,4,15-20,49,603
350,4,20-25,237,601
350,4,30-35,129,845
350,4,35-40,142,129
350,4,40+,61,165
350,1,0-15,64,120
350,1,15-20,39,504
350,1,20-25,46,367
350,1,30-35,65,569
350,1,35-40,18,228
350,1,40+,11,45
350,5,0-15,215,955
350,5,15-20,148,720
350,5,20-25,208,680
350,5,30-35,51,518
350,5,35-40,115,191
350,5,40+,44,123
350,3,0-15,25,420
350,3,15-20,92,465
350,3,20-25,67,229
350,3,30-35,111,357
350,3,35-40,54,74
350,3,40+,29,272
350,2,0-15,34319,235275
350,2,15-20,133522,244454
350,2,20-25,118331,82772
350,2,30-35,99686,298216
350,2,35-40,60091,117370
350,2,40+,25146,48925
154,4,0-15,6071,11785
154,4,15-20,2270,4242
154,4,20-25,6372,11971
154,4,30-35,7741,14929
154,4,35-40,2857,5533
154,4,40+,1161,2270
154,1,0-15,55153,97554
154,1,15-20,36577,107511
154,1,20-25,26180,72780
154,1,30-35,50640,50352
154,1,35-40,1559,23079
154,1,40+,11205,22443
154,5,0-15,1879,4316
154,5,15-20,2447,1233
154,5,20-25,1814,3348
154,5,30-35,318,3292
154,5,35-40,821,605
154,5,40+,749,1556
154,3,0-15,15,49
154,3,15-20,85,161
154,3,20-25,75,124
154,3,30-35,37,176
154,3,35-40,6,66
154,3,40+,51,18
154,2,0-15,6154,9654
154,2,15-20,4790,12133
154,2,20-25,5132,9910
154,2,30-35,222,4748
154,2,35-40,1779,405
154,2,40+,1005,3387
238,4,0-15,2914,5762
238,4,15-20,2064,1777
238,4,20-25,2900,5946
238,4,30-35,1649,3300
238,4,35-40,675,4200
238,4,40+,111,1333
238,1,0-15,21121,32093
238,1,15-20,21672,43794
238,1,20-25,15563,45554
238,1,30-35,5471,10545
238,1,35-40,6427,13061
238,1,40+,11778,24241
238,5,0-15,142538,287424
238,5,15-20,135237,270565
238,5,20-25,76176,200518
238,5,30-35,5648,9908
238,5,35-40,101954,150487
238,5,40+,36000,79624
238,3,0-15,516,1169
238,3,15-20,335,856
238,3,20-25,143,669
238,3,30-35,516,395
238,3,35-40,315,339
238,3,40+,193,1122
238,2,0-15,443,389
238,2,15-20,566,1033
238,2,20-25,321,1363
238,2,30-35,148,715
238,2,35-40,501,1181
238,2,40+,164,81
221,4,0-15,253,264
221,4,15-20,450,1132
221,4,20-25,435,536
221,4,30-35,306,988
221,4,35-40,127,852
221,4,40+,89,292
221,1,0-15,29,48
221,1,15-20,38,120
221,1,20-25,29,102
221,1,30-35,9,119
221,1,35-40,21,72
221,1,40+,19,9
221,5,0-15,1584,3479
221,5,15-20,926,2603
221,5,20-25,252,1098
221,5,30-35,1557,3822
221,5,35-40,37,777
221,5,40+,551,118
221,3,0-15,31474,67714
221,3,15-20,17525,35199
221,3,20-25,32547,18671
221,3,30-35,6106,78514
221,3,35-40,20985,57672
221,3,40+,8387,2474
221,2,0-15,9,694
221,2,15-20,126,393
221,2,20-25,165,98
221,2,30-35,121,537
221,2,35-40,242,245
221,2,40+,262,651
115,4,0-15,22,846
115,4,15-20,647,49
115,4,20-25,409,1296
115,4,30-35,352,1232
115,4,35-40,579,789
115,4,40+,141,286
115,1,0-15,15,28
115,1,15-20,13,48
115,1,20-25,5,29
115,1,30-35,9,13
115,1,35-40,3,33
115,1,40+,2,6
115,5,0-15,21341,40752
115,5,15-20,11319,24204
115,5,20-25,6908,14677
115,5,30-35,14503,26696
115,5,35-40,4031,40809
115,5,40+,19618,7902
115,3,0-15,9920,18447
115,3,15-20,7059,12963
115,3,20-25,8924,10680
115,3,30-35,2269,18128
115,3,35-40,5019,4422
115,3,40+,300,6443
115,2,0-15,3961,8490
115,2,15-20,4199,5977
115,2,20-25,3168,8502
115,2,30-35,2409,2022
115,2,35-40,1109,5273
115,2,40+,1660,335
26,4,0-15,1162,2260
26,4,15-20,1020,1931
26,4,20-25,964,1876
26,4,30-35,282,647
26,4,35-40,228,478
26,4,40+,507,983
26,1,0-15,16,35
26,1,15-20,4,51
26,1,20-25,8,47
26,1,30-35,8,44
26,1,35-40,8,22
26,1,40+,8,8
26,5,0-15,7840,12463
26,5,15-20,1507,14332
26,5,20-25,6578,3007
26,5,30-35,5412,3036
26,5,35-40,3284,9934
26,5,40+,1622,6359
26,3,0-15,8,93
26,3,15-20,289,364
26,3,20-25,157,610
26,3,30-35,289,478
26,3,35-40,56,643
26,3,40+,112,226
26,2,0-15,31479,60713
26,2,15-20,45789,87960
26,2,20-25,21651,41961
26,2,30-35,41248,79348
26,2,35-40,9212,2760
26,2,40+,10651,19108
142,4,0-15,180,401
142,4,15-20,244,544
142,4,20-25,247,521
142,4,30-35,58,133
142,4,35-40,131,259
142,4,40+,9,156
142,1,0-15,12,16
142,1,15-20,13,31
142,1,20-25,13,30
142,1,30-35,7,42
142,1,35-40,7,32
142,1,40+,3,18
142,5,0-15,25242,62261
142,5,15-20,33140,17625
142,5,20-25,29395,51093
142,5,30-35,1418,69524
142,5,35-40,9136,2485
142,5,40+,15767,33264
142,3,0-15,202,468
142,3,15-20,231,501
142,3,20-25,61,151
142,3,30-35,144,340
142,3,35-40,142,141
142,3,40+,9,296
142,2,0-15,3051,8639
142,2,15-20,4105,2014
142,2,20-25,1065,6167
142,2,30-35,3534,7628
142,2,35-40,1011,4258
142,2,40+,2015,2135
143,4,0-15,378,807
143,4,15-20,160,186
143,4,20-25,270,366
143,4,30-35,431,907
143,4,35-40,80,547
143,4,40+,246,23
143,1,0-15,188,427
143,1,15-20,104,282
143,1,20-25,158,387
143,1,30-35,45,97
143,1,35-40,121,273
143,1,40+,8,157
143,5,0-15,1368,7204
143,5,15-20,2294,7406
143,5,20-25,711,1462
143,5,30-35,2258,4639
143,5,35-40,3652,2827
143,5,40+,3737,4592
143,3,0-15,673,1277
143,3,15-20,119,956
143,3,20-25,569,418
143,3,30-35,397,896
143,3,35-40,19,1402
143,3,40+,407,160
143,2,0-15,81893,151019
143,2,15-20,54201,153799
143,2,20-25,16384,95528
143,2,30-35,79020,28624
143,2,35-40,26134,52130
143,2,40+,45231,91226
